Comp_1,Comp_10,Comp_11,Comp_12,Comp_2,Comp_3,Comp_4,Comp_5,Comp_6,Comp_7,Comp_8,Comp_9,Age,Gender,Name,Nationality,Points,Ranking,Weapon,YearOfBirth
-,-,-,-,-,-,-,78,-,96,12,42,Cadets,Men,YANG Luao,USA,228.0,1,Foil,2008
78,-,-,10,-,-,-,42,60,-,24,(6),Cadets,Men,IAQUINTA Emanuele,ITA,214.0,2,Foil,2008
-,-,50,10,-,-,-,-,78,42,-,-,Cadets,Men,BODOR Aron,HUN,180.0,3,Foil,2008
-,-,-,-,-,-,-,24,-,42,78,24,Cadets,Men,DESERANNO Don Jeidus,USA,168.0,4,Foil,2008
-,-,-,-,-,-,-,-,-,-,24,96,Cadets,Men,SISINNI Riccardo,USA,120.0,5,Foil,2008
-,50,65,-,-,-,-,-,-,-,-,3,Cadets,Men,AGUINAGA PROCEL Thomas Esteban,ECU,118.0,6,Foil,2009
12,50,20,10,-,-,-,(6),24,(6),(3),(6),Cadets,Men,KAVECKY Max,CZE,116.0,7,Foil,2008
-,-,-,80,-,-,-,12,3,3,-,12,Cadets,Men,FALCHETTO Lauro,AUT,110.0,8,Foil,2008
96,-,-,10,-,-,-,-,-,-,-,-,Cadets,Men,LEMBERGER Eitan,ISR,106.0,9,Foil,2008
-,-,-,-,-,-,-,42,-,42,6,3,Cadets,Men,SIU Aiden,USA,93.0,10,Foil,2008
-,-,-,50,-,-,-,-,12,-,12,12,Cadets,Men,PANAZZOLO Marco,ITA,86.0,11,Foil,2008
-,65,-,5,-,-,-,3,-,-,-,-,Cadets,Men,ABRAHAMSSON Anton,SWE,73.0,12,Foil,2008
(6),-,35,5,-,-,-,-,(3),6,12,12,Cadets,Men,SIMONOV ANDRII,UKR,70.0,13,Foil,2008
-,-,10,35,-,-,-,-,12,6,-,6,Cadets,Men,KOSZTOLANYI Hunor,HUN,69.0,14,Foil,2008
24,-,-,20,-,-,-,6,-,12,6,(6),Cadets,Men,KIAYIAS Aris,CYP,68.0,15,Foil,2009
12,-,35,5,-,-,-,-,3,(3),-,12,Cadets,Men,DOGARIU Felix,ROU,67.0,16,Foil,2008
42,-,-,-,-,-,-,-,6,-,12,6,Cadets,Men,GIANESE Mattia,ITA,66.0,17,Foil,2008
-,-,-,-,-,-,-,-,42,-,12,12,Cadets,Men,DI RUSSO Manfredi,ITA,66.0,18,Foil,2008
60,-,-,-,-,-,-,3,-,-,-,-,Cadets,Men,DI MARTINO Giuseppe,ITA,63.0,19,Foil,2009
60,-,-,-,-,-,-,3,-,-,-,-,Cadets,Men,BARSOTTI Sergio,ITA,63.0,20,Foil,2008
-,-,-,20,-,-,-,6,3,6,(3),24,Cadets,Men,BELBOUAB Mohammed,GBR,59.0,21,Foil,2009
24,-,-,10,-,-,-,12,(3),(3),6,6,Cadets,Men,FLOREA Luca,GBR,58.0,22,Foil,2008
42,-,-,-,-,-,-,6,6,3,(3),(0),Cadets,Men,BIENKOWSKI Aleksander,POL,57.0,23,Foil,2008
24,-,-,5,-,-,-,-,3,24,-,0,Cadets,Men,MATIASH Danylo,UKR,56.0,24,Foil,2008
-,-,-,10,-,-,-,3,12,6,(3),24,Cadets,Men,BOUMAZA Mahel,FRA,55.0,25,Foil,2009
6,-,20,5,-,-,-,6,12,-,(3),(3),Cadets,Men,FUSCO Cristiano,SVK,49.0,26,Foil,2008
-,-,-,-,-,-,-,24,-,12,6,6,Cadets,Men,HOOSHI Jayden,USA,48.0,27,Foil,2008
42,-,-,5,-,-,-,-,-,-,-,-,Cadets,Men,KOREN Evyatar,ISR,47.0,28,Foil,2009
24,-,5,5,-,-,-,-,(3),6,(3),6,Cadets,Men,DEMIRCAN Arda Baris,TUR,46.0,29,Foil,2008
-,-,-,-,-,-,-,12,-,6,24,3,Cadets,Men,TANG Owen,USA,45.0,30,Foil,2008
42,-,-,-,-,-,-,-,-,-,-,-,Cadets,Men,MANCINI Riccardo,ITA,42.0,31,Foil,2010
12,-,10,5,-,-,-,-,(3),12,3,(3),Cadets,Men,MUKHOPAD Hlib,UKR,42.0,32,Foil,2008
24,-,5,5,-,-,-,-,3,3,(0),(0),Cadets,Men,ANBARLILAR ahmed turgut,TUR,40.0,33,Foil,2008
-,35,-,-,-,-,-,-,-,-,-,-,Cadets,Men,CORTRIGHT Matthew,USA,35.0,34,Foil,2009
-,35,-,-,-,-,-,-,-,-,-,-,Cadets,Men,SUAREZ Adrian,USA,35.0,35,Foil,2009
-,35,-,-,-,-,-,-,-,-,-,-,Cadets,Men,WU Brian,TPE,35.0,36,Foil,2009
24,-,5,-,-,-,-,6,0,-,-,-,Cadets,Men,ELDEEB Adham,QAT,35.0,37,Foil,2010
-,-,20,-,-,-,-,-,6,6,-,3,Cadets,Men,GROSZ Roland,HUN,35.0,38,Foil,2008
12,20,-,0,-,-,-,3,0,-,(0),-,Cadets,Men,MOHOLI Elvis,SWE,35.0,39,Foil,2008
6,20,-,5,-,-,-,3,(0),-,-,0,Cadets,Men,VYSKOCIL Elias,CZE,34.0,40,Foil,2008
-,-,-,-,-,-,-,-,6,12,3,12,Cadets,Men,DARMANI EVAN,FRA,33.0,41,Foil,2008
12,-,-,-,-,-,-,3,6,-,(0),12,Cadets,Men,DE MICHIELI VITTURI Federico,ITA,33.0,42,Foil,2008
-,-,-,-,-,-,-,12,12,-,6,3,Cadets,Men,ADDATO Mauro,ITA,33.0,43,Foil,2008
-,-,20,-,-,-,-,-,0,6,-,6,Cadets,Men,BANHIDI Balazs,HUN,32.0,44,Foil,2009
12,10,-,5,-,-,-,-,-,3,-,-,Cadets,Men,LYKKE KOFOED Hannibal,DEN,30.0,45,Foil,2009
-,-,20,-,-,-,-,-,3,3,-,3,Cadets,Men,BAN Sebestyen,HUN,29.0,46,Foil,2008
6,-,20,-,-,-,-,-,0,(0),3,(0),Cadets,Men,GHETU Robert,ROU,29.0,47,Foil,2009
-,-,-,-,-,-,-,-,-,-,24,3,Cadets,Men,TRAUGOT Owen,USA,27.0,48,Foil,2008
24,-,-,-,-,-,-,-,3,0,-,0,Cadets,Men,STIUBE Andrei,ROU,27.0,49,Foil,2008
6,10,-,5,-,-,-,3,-,(0),(0),3,Cadets,Men,NABATIFAR Afshin Alexander,DEN,27.0,50,Foil,2008
-,-,-,-,-,-,-,6,12,-,3,6,Cadets,Men,CALABRO' Lorenzo,ITA,27.0,51,Foil,2008
-,20,-,0,-,-,-,6,-,-,-,0,Cadets,Men,MORIARTY-SMYTH Myles,IRL,26.0,52,Foil,2008
-,-,10,-,-,-,-,-,12,0,-,3,Cadets,Men,CSATLOS Gellert,HUN,25.0,53,Foil,2008
-,-,-,10,-,-,-,-,6,-,6,3,Cadets,Men,LORENZO PEREIRA Alejandro,ESP,25.0,54,Foil,2008
24,-,-,-,-,-,-,-,-,-,-,-,Cadets,Men,POZZI Damiano,ITA,24.0,55,Foil,2009
-,-,-,-,-,-,-,-,-,-,24,-,Cadets,Men,KODA TOMOMASA,JPN,24.0,55,Foil,2009
-,-,-,-,-,-,-,-,6,-,6,12,Cadets,Men,COLLINI Nicolo',ITA,24.0,57,Foil,2008
-,10,-,5,-,-,-,-,3,3,(0),3,Cadets,Men,MEYER Nathan,BEL,24.0,58,Foil,2008
3,-,-,25,-,-,-,(3),6,(0),6,6,Cadets,Men,ROZMUS Jakub,SVK,24.0,59,Foil,2008
6,-,-,5,-,-,-,6,3,3,(3),(3),Cadets,Men,OZOLINS Jekabs,LAT,23.0,60,Foil,2008
6,-,-,5,-,-,-,3,(0),6,3,(0),Cadets,Men,TRESTYANSZKY Denis,SVK,23.0,61,Foil,2008
-,10,-,-,-,-,-,12,-,-,-,-,Cadets,Men,BADROEL RIZWAN Uzair Zafran,MAS,22.0,62,Foil,2008
-,-,-,-,-,-,-,-,-,12,6,3,Cadets,Men,BLANCHARD Leo Singharat,FRA,21.0,63,Foil,2009
-,20,-,-,-,-,-,0,-,-,0,-,Cadets,Men,AHRLING Alvar,SWE,20.0,64,Foil,2009
12,-,5,-,-,-,-,3,0,-,-,-,Cadets,Men,POORGHARIB Abdulrahman,QAT,20.0,65,Foil,2010
-,-,10,-,-,-,-,-,3,3,-,3,Cadets,Men,ROZSA Csanad,HUN,19.0,66,Foil,2008
12,-,-,-,-,-,-,-,3,3,-,0,Cadets,Men,BACHYK Volodymyr,UKR,18.0,67,Foil,2008
12,-,-,-,-,-,-,6,-,-,-,-,Cadets,Men,SINOPOLI Joan,ITA,18.0,68,Foil,2008
6,5,-,-,-,-,-,3,3,-,(3),-,Cadets,Men,BALOGH Bruno,SWE,17.0,69,Foil,2009
-,-,-,5,-,-,-,6,3,3,0,-,Cadets,Men,VAN DEN BERG Cedric,NED,17.0,70,Foil,2008
3,-,10,-,-,-,-,3,(0),(0),0,-,Cadets,Men,MEDVEDEV Martin,NED,16.0,71,Foil,2009
6,-,10,-,-,-,-,0,0,-,-,-,Cadets,Men,ELDEEB Yousef,QAT,16.0,72,Foil,2008
12,-,-,-,-,-,-,3,-,-,-,-,Cadets,Men,MARINO Ian,ITA,15.0,73,Foil,2008
12,-,-,-,-,-,-,-,0,3,-,0,Cadets,Men,KORETSKYI Yanislav,UKR,15.0,74,Foil,2008
-,-,-,-,-,-,-,6,6,3,(0),0,Cadets,Men,WAGDI Yaqub,GBR,15.0,75,Foil,2008
-,-,-,-,-,-,-,3,3,(0),3,6,Cadets,Men,JAMES Alexander,GBR,15.0,76,Foil,2008
-,-,-,-,-,-,-,-,3,-,6,6,Cadets,Men,GIRARDOT LUCIEN,FRA,15.0,77,Foil,2009
-,-,-,0,-,-,-,6,0,3,-,6,Cadets,Men,NEMEC Jaden,AUT,15.0,78,Foil,2008
-,-,-,-,-,-,-,-,3,3,6,3,Cadets,Men,ROBINET Samuel,FRA,15.0,79,Foil,2009
6,5,-,-,-,-,-,3,-,-,-,-,Cadets,Men,SANDSTROM TIM Ludvig,SWE,14.0,80,Foil,2008
3,5,-,-,-,-,-,6,-,(0),0,-,Cadets,Men,WHITE Orlando Augustus,GBR,14.0,81,Foil,2008
-,10,-,-,-,-,-,-,(0),0,3,0,Cadets,Men,DELCOURT Dimitri,BEL,13.0,82,Foil,2008
-,-,10,-,-,-,-,-,0,-,-,3,Cadets,Men,NEMETH Benedek,HUN,13.0,83,Foil,2008
-,10,-,-,-,-,-,-,3,0,0,(0),Cadets,Men,NICOLAS Pol,BEL,13.0,84,Foil,2008
-,-,10,-,-,-,-,-,3,-,-,0,Cadets,Men,LACKO Mate,HUN,13.0,85,Foil,2009
-,10,-,-,-,-,-,3,-,-,-,-,Cadets,Men,PICTON TULLY Oskar,GBR,13.0,86,Foil,2010
3,5,5,-,-,-,-,-,(0),(0),0,(0),Cadets,Men,TOSUN doruk,TUR,13.0,87,Foil,2009
12,-,-,-,-,-,-,-,0,0,-,0,Cadets,Men,GLUSZAK Szymon,POL,12.0,88,Foil,2009
12,-,-,-,-,-,-,-,-,-,-,-,Cadets,Men,ALTERI Davide,ITA,12.0,89,Foil,2009
12,-,-,-,-,-,-,-,-,-,-,-,Cadets,Men,MAZAHERI Fletcher,USA,12.0,90,Foil,2012
12,-,-,-,-,-,-,-,0,0,-,0,Cadets,Men,BAK Aleksander,POL,12.0,91,Foil,2009
12,-,-,-,-,-,-,-,-,-,-,-,Cadets,Men,SONG Noel,USA,12.0,92,Foil,2008
-,-,-,-,-,-,-,-,3,-,3,6,Cadets,Men,GAO Yi Xing,CHN,12.0,93,Foil,2010
-,-,-,-,-,-,-,-,6,3,0,3,Cadets,Men,CHENG Yu Bin Darius,SGP,12.0,94,Foil,2008
-,-,-,-,-,-,-,-,3,3,0,6,Cadets,Men,TAN Le Kai,SGP,12.0,95,Foil,2008
-,-,-,-,-,-,-,-,3,3,3,3,Cadets,Men,ROBINET Lucas,FRA,12.0,96,Foil,2009
-,5,-,0,-,-,-,-,6,0,(0),0,Cadets,Men,HALLEZ Loic,BEL,11.0,97,Foil,2008
-,-,5,-,-,-,-,-,3,3,-,-,Cadets,Men,HAMZI Balazs,HUN,11.0,98,Foil,2008
-,-,5,-,-,-,-,-,6,0,-,0,Cadets,Men,SOMODI NAGY Gergo,HUN,11.0,99,Foil,2009
-,-,5,-,-,-,-,-,6,0,-,0,Cadets,Men,TOTH Benjamin,HUN,11.0,100,Foil,2009
6,5,-,-,-,-,-,0,-,-,-,-,Cadets,Men,KONG Jonathan Lingjue,SWE,11.0,101,Foil,2011
-,10,-,-,-,-,-,-,-,-,-,-,Cadets,Men,YANG Ping-Yen,TPE,10.0,102,Foil,2009
-,-,10,-,-,-,-,-,-,-,-,-,Cadets,Men,CAZZANI Roberto Mathias,ITA,10.0,102,Foil,2009
-,-,10,-,-,-,-,-,0,-,-,-,Cadets,Men,SZABO Ferenc,HUN,10.0,104,Foil,2008
-,10,-,-,-,-,-,-,-,-,-,-,Cadets,Men,PETROV Mikhail,UKR,10.0,105,Foil,2009
-,10,-,-,-,-,-,-,-,-,-,-,Cadets,Men,CHUNG Kun-Wei,TPE,10.0,106,Foil,2010
-,10,-,-,-,-,-,-,-,-,-,-,Cadets,Men,BENGTSSON Mose,SWE,10.0,107,Foil,2008
-,-,10,-,-,-,-,-,-,-,-,-,Cadets,Men,BERTOSSI Marco,ITA,10.0,108,Foil,2009
-,-,10,-,-,-,-,-,-,-,-,0,Cadets,Men,AKULOVICH Grigory,SLO,10.0,109,Foil,2009
-,-,10,-,-,-,-,-,-,-,-,-,Cadets,Men,D'AVANZO Emanuele,ITA,10.0,110,Foil,2009
6,-,-,0,-,-,-,3,0,0,-,(0),Cadets,Men,SVIRIDENKOVS Vladislavs,LAT,9.0,111,Foil,2008
6,-,-,-,-,-,-,-,3,-,-,0,Cadets,Men,ZIELINSKI Konstanty,POL,9.0,112,Foil,2008
6,-,-,-,-,-,-,3,(0),0,(0),0,Cadets,Men,GAINUTDINOVS Martins,LAT,9.0,113,Foil,2008
-,-,-,-,-,-,-,-,6,0,3,0,Cadets,Men,PLATOV ANDREI,FRA,9.0,114,Foil,2008
-,-,-,-,-,-,-,3,3,3,-,-,Cadets,Men,CREES Ashley,GBR,9.0,115,Foil,2008
-,-,-,-,-,-,-,-,3,-,3,3,Cadets,Men,VANDAELE MILO,FRA,9.0,116,Foil,2008
-,-,-,-,-,-,-,-,3,-,3,3,Cadets,Men,BIELYI-SHEMARDIN Mark,UKR,9.0,117,Foil,2009
-,5,-,-,-,-,-,3,-,-,-,-,Cadets,Men,ANDERSSON WREIBO Elliot,SWE,8.0,118,Foil,2008
3,5,-,-,-,-,-,0,-,-,-,-,Cadets,Men,JURAS Dominik,LTU,8.0,119,Foil,2011
3,-,5,-,-,-,-,-,-,0,-,-,Cadets,Men,RIZZATO Leonardo,ITA,8.0,120,Foil,2009
3,-,5,-,-,-,-,-,-,-,-,-,Cadets,Men,DEBINSKI Wiktor,POL,8.0,121,Foil,2009
-,5,-,-,-,-,-,3,-,-,-,-,Cadets,Men,TUCKNOTT Monty,GBR,8.0,122,Foil,2008
-,-,-,5,-,-,-,3,-,0,0,0,Cadets,Men,FELTGEN Erwan,SUI,8.0,123,Foil,2008
6,-,-,-,-,-,-,-,-,-,-,-,Cadets,Men,SEMAPAKDI-CHANG Kaiden,USA,6.0,124,Foil,2008
6,-,-,-,-,-,-,-,-,0,-,0,Cadets,Men,WISNIK Feliks,POL,6.0,125,Foil,2009
6,-,-,-,-,-,-,-,-,-,-,-,Cadets,Men,MOSUR Krzysztof,POL,6.0,126,Foil,2009
-,-,-,-,-,-,-,-,-,6,-,-,Cadets,Men,XU Jia Bao,CAN,6.0,127,Foil,2009
6,-,-,-,-,-,-,-,-,-,-,-,Cadets,Men,WROBLEWSKI Filip,POL,6.0,128,Foil,2009
6,-,-,-,-,-,-,-,-,-,-,-,Cadets,Men,NIESZCZERZEWSKI Eryk,POL,6.0,129,Foil,2008
-,-,-,-,-,-,-,-,-,-,6,-,Cadets,Men,ONO RYOGA,JPN,6.0,129,Foil,2008
6,-,-,-,-,-,-,-,-,-,-,-,Cadets,Men,MACIEJEWSKI Tomasz,POL,6.0,131,Foil,2008
6,-,-,-,-,-,-,-,-,0,-,-,Cadets,Men,BORKOWSKI Olgierd,POL,6.0,132,Foil,2009
6,-,-,-,-,-,-,-,0,0,-,0,Cadets,Men,KONCZ Endre,ROU,6.0,133,Foil,2008
6,-,-,-,-,-,-,-,-,-,-,-,Cadets,Men,CANDEAGO Tommaso,ITA,6.0,134,Foil,2010
-,-,-,-,-,-,-,6,-,-,-,-,Cadets,Men,VOLPEL Roman,FRA,6.0,134,Foil,2009
-,-,-,-,-,-,-,6,-,0,0,0,Cadets,Men,CALLAGHAN Lewis,GBR,6.0,136,Foil,2008
6,-,-,-,-,-,-,-,-,0,-,-,Cadets,Men,MICHIELETTI Marco,ITA,6.0,137,Foil,2009
6,-,-,-,-,-,-,-,-,-,-,-,Cadets,Men,CAZZANI roberto mathias,TUR,6.0,138,Foil,2009
-,-,-,-,-,-,-,6,-,-,-,-,Cadets,Men,ROVARIS Tommaso,ITA,6.0,139,Foil,2009
6,-,-,-,-,-,-,-,0,-,-,-,Cadets,Men,ZAVALNYI Bohdan,UKR,6.0,140,Foil,2009
6,-,-,-,-,-,-,-,0,-,-,0,Cadets,Men,YANISHEVSKYI Maksym,UKR,6.0,141,Foil,2009
6,-,-,-,-,-,-,-,-,-,-,0,Cadets,Men,ZOK Bartosz,POL,6.0,142,Foil,2008
-,-,-,-,-,-,-,6,-,-,-,-,Cadets,Men,ROCCHI Sebastiano,ITA,6.0,143,Foil,2008
6,-,-,-,-,-,-,-,-,-,-,-,Cadets,Men,KONIKOWSKI Grzegorz,POL,6.0,144,Foil,2009
6,-,-,-,-,-,-,-,-,0,-,0,Cadets,Men,MAZUR Maciej,POL,6.0,145,Foil,2008
6,-,-,-,-,-,-,-,0,0,-,-,Cadets,Men,ROMANYUK Rostyslav,UKR,6.0,146,Foil,2010
-,-,-,-,-,-,-,-,-,-,6,0,Cadets,Men,GREGOIRE GABRIEL,FRA,6.0,147,Foil,2008
-,-,-,-,-,-,-,-,-,6,-,-,Cadets,Men,NEMETH Benedek,HUN,6.0,148,Foil,2008
6,-,-,-,-,-,-,-,-,0,-,0,Cadets,Men,POCIEGIEL Patryk,POL,6.0,149,Foil,2009
-,-,-,-,-,-,-,3,-,-,3,-,Cadets,Men,CLARET Gaspard,FRA,6.0,150,Foil,2009
3,-,-,-,-,-,-,-,0,0,-,3,Cadets,Men,FEY Alan,ROU,6.0,151,Foil,2009
-,-,-,-,-,-,-,3,3,(0),0,0,Cadets,Men,ROBINSON Aiden,GBR,6.0,152,Foil,2008
-,-,-,-,-,-,-,-,-,3,3,0,Cadets,Men,SEIFFERT Georgi,GER,6.0,153,Foil,2008
-,-,-,-,-,-,-,-,0,3,3,0,Cadets,Men,TANG Tristan,SGP,6.0,154,Foil,2009
-,-,-,-,-,-,-,-,-,3,-,3,Cadets,Men,FUKUDA Diego,PER,6.0,155,Foil,2009
-,-,-,-,-,-,-,-,-,3,0,3,Cadets,Men,KOLB Conrad,GER,6.0,156,Foil,2008
3,-,-,-,-,-,-,-,3,0,-,0,Cadets,Men,KARDYS Alex,POL,6.0,157,Foil,2008
-,-,-,-,-,-,-,-,-,3,3,0,Cadets,Men,KELLER Tim,GER,6.0,158,Foil,2008
-,-,-,25,-,-,-,-,3,-,-,-,Cadets,Men,CHATZIGIANNIS Maximilianos,GRE,6.0,159,Foil,2008
-,5,-,-,-,-,-,-,-,-,-,0,Cadets,Men,DEREZIC Maksimilijan,CRO,5.0,160,Foil,2010
-,-,5,-,-,-,-,-,0,-,-,-,Cadets,Men,COSIC Rastko,SRB,5.0,161,Foil,2010
-,5,-,-,-,-,-,-,-,-,-,-,Cadets,Men,TSAY Jordan,USA,5.0,162,Foil,2010
-,-,5,-,-,-,-,-,0,-,-,0,Cadets,Men,VELIKOV Velislav,BUL,5.0,163,Foil,2008
-,5,-,-,-,-,-,0,-,-,-,-,Cadets,Men,ARETEG Lucas,SWE,5.0,164,Foil,2009
-,5,0,-,-,-,-,-,-,-,-,-,Cadets,Men,DA SILVA ALEXANDER,VEN,5.0,165,Foil,2009
-,5,-,-,-,-,-,-,-,-,-,-,Cadets,Men,ROBERTS Harry,GBR,5.0,166,Foil,2009
-,5,-,-,-,-,-,0,-,-,-,-,Cadets,Men,AFSETH Oscar,GBR,5.0,167,Foil,2008
-,5,-,-,-,-,-,-,-,-,-,-,Cadets,Men,WANG Po-Sen,TPE,5.0,168,Foil,2010
-,-,5,-,-,-,-,-,-,-,-,-,Cadets,Men,NIKOLOV Dian,BUL,5.0,168,Foil,2008
-,5,-,-,-,-,-,0,-,-,0,-,Cadets,Men,SALZMAN Olle,SWE,5.0,170,Foil,2008
-,5,-,0,-,-,-,-,0,0,-,0,Cadets,Men,AMBRUS MARSIC Roko,CRO,5.0,171,Foil,2009
-,-,5,-,-,-,-,-,0,0,-,0,Cadets,Men,MICU Vlad,ROU,5.0,172,Foil,2008
-,5,-,-,-,-,-,0,0,-,-,-,Cadets,Men,DEANS Benjamin,GBR,5.0,173,Foil,2009
-,5,-,-,-,-,-,0,-,-,-,-,Cadets,Men,REDMOND Rory,GBR,5.0,174,Foil,2008
-,-,-,5,-,-,-,-,0,-,-,-,Cadets,Men,GKOUMAS Antonios,GRE,5.0,175,Foil,2008
-,-,5,-,-,-,-,-,0,-,-,0,Cadets,Men,STANESCU Tudor,ROU,5.0,176,Foil,2010
-,-,-,5,-,-,-,-,-,-,-,-,Cadets,Men,STAVRAKIS Michael,GRE,5.0,177,Foil,2008
-,5,-,-,-,-,-,0,-,-,-,-,Cadets,Men,LARKIN Daniel,IRL,5.0,178,Foil,2009
-,-,5,-,-,-,-,-,0,0,-,0,Cadets,Men,GRIGOROVICI David,ROU,5.0,179,Foil,2009
-,5,-,-,-,-,-,-,-,-,-,-,Cadets,Men,STENECKER Oskar,SWE,5.0,180,Foil,2008
-,5,-,-,-,-,-,0,0,-,-,-,Cadets,Men,VALGEIRSSON Birgir,ISL,5.0,181,Foil,2010
-,-,-,5,-,-,-,-,-,-,0,-,Cadets,Men,GONCALVES Andre,POR,5.0,182,Foil,2008
-,-,5,-,-,-,-,-,-,-,-,-,Cadets,Men,LITA Matei,ROU,5.0,183,Foil,2012
-,0,-,-,-,-,-,3,-,-,-,-,Cadets,Men,KNAGGE Mauritz,SWE,3.0,184,Foil,2008
3,-,-,-,-,-,-,-,-,-,-,-,Cadets,Men,PAPI Leonardo Alberto,ITA,3.0,185,Foil,2010
3,-,-,-,-,-,-,0,-,-,-,-,Cadets,Men,ROSSI Nicolo',ITA,3.0,186,Foil,2009
3,0,-,-,-,-,-,-,-,-,-,-,Cadets,Men,GULBIS Kristers,LAT,3.0,187,Foil,2010
3,-,-,-,-,-,-,-,-,0,-,0,Cadets,Men,NOVAK Krystof,CZE,3.0,188,Foil,2010
3,-,-,-,-,-,-,-,-,-,-,-,Cadets,Men,KAHYA ahmet sarp,TUR,3.0,189,Foil,2011
-,-,-,-,-,-,-,-,-,-,3,-,Cadets,Men,SHIRAOGAWA SHUN,JPN,3.0,189,Foil,2008
3,-,0,-,-,-,-,-,-,-,-,-,Cadets,Men,AUGUSTYN Mateusz,POL,3.0,191,Foil,2009
-,0,-,-,-,-,-,3,-,-,-,-,Cadets,Men,STIRLING William,GBR,3.0,192,Foil,2009
3,-,-,-,-,-,-,-,-,-,-,-,Cadets,Men,PACAK Marek,CZE,3.0,193,Foil,2009
3,-,-,-,-,-,-,-,0,0,-,-,Cadets,Men,BOZIC Jakov,CRO,3.0,194,Foil,2009
-,-,-,-,-,-,-,-,0,-,3,-,Cadets,Men,PEN SAING THOMAS,FRA,3.0,195,Foil,2008
3,-,-,-,-,-,-,-,-,-,-,-,Cadets,Men,ARIKAN ali,TUR,3.0,196,Foil,2010
3,-,-,-,-,-,-,-,0,-,0,0,Cadets,Men,ANTONENKO Daniil,UKR,3.0,197,Foil,2008
3,-,-,-,-,-,-,-,-,-,-,-,Cadets,Men,WILINSKI Julian,POL,3.0,198,Foil,2008
3,-,-,-,-,-,-,-,-,-,-,-,Cadets,Men,KOWALSKI Patryk,POL,3.0,199,Foil,2010
-,-,-,-,-,-,-,3,0,0,0,-,Cadets,Men,DRUMMOND-MURRAY Euan,GBR,3.0,200,Foil,2008
3,-,-,-,-,-,-,-,-,-,-,-,Cadets,Men,URBANSKI Diego,POL,3.0,201,Foil,2009
3,-,0,-,-,-,-,-,-,-,-,-,Cadets,Men,WOJTAS Wiktor,POL,3.0,202,Foil,2010
3,-,-,-,-,-,-,-,-,-,-,-,Cadets,Men,LAZAREV-RYZHAK Artem,UKR,3.0,203,Foil,2010
-,-,-,-,-,-,-,3,-,0,0,0,Cadets,Men,SHERGILL Jagroop,GBR,3.0,204,Foil,2009
3,-,-,-,-,-,-,-,-,-,-,-,Cadets,Men,DILBER gunes ali,TUR,3.0,205,Foil,2010
3,-,-,-,-,-,-,-,-,-,-,-,Cadets,Men,WOZNIAK Wiktor,POL,3.0,206,Foil,2010
-,-,-,-,-,-,-,-,-,-,3,-,Cadets,Men,BOUTHILLIER-MOUZIN COME,FRA,3.0,206,Foil,2008
3,-,-,-,-,-,-,-,-,-,-,-,Cadets,Men,GLOWINSKI Igor,POL,3.0,208,Foil,2010
3,-,-,-,-,-,-,-,0,-,-,0,Cadets,Men,KOMLEV Boris,UKR,3.0,209,Foil,2008
3,-,-,-,-,-,-,-,0,-,-,0,Cadets,Men,ELVAN hakki ruzgar,TUR,3.0,210,Foil,2009
-,-,-,-,-,-,-,-,3,-,-,-,Cadets,Men,MADURA Janos,HUN,3.0,211,Foil,2008
3,-,-,-,-,-,-,-,0,-,-,0,Cadets,Men,DIZBAY deniz,TUR,3.0,212,Foil,2009
-,-,-,-,-,-,-,-,-,-,3,-,Cadets,Men,VALENTIN KIBLUT LOUIS,FRA,3.0,213,Foil,2009
3,-,-,-,-,-,-,-,0,-,-,0,Cadets,Men,ESENCAYI demir,TUR,3.0,214,Foil,2009
3,-,-,-,-,-,-,-,-,-,-,-,Cadets,Men,VYMAZAL Jakub,CZE,3.0,215,Foil,2009
3,-,-,-,-,-,-,-,0,0,-,0,Cadets,Men,NESHODA Krystof,CZE,3.0,216,Foil,2008
3,-,-,-,-,-,-,-,-,0,-,0,Cadets,Men,EFROS Filip,ROU,3.0,217,Foil,2011
3,-,-,-,-,-,-,-,-,-,-,-,Cadets,Men,DLABAC Jan,CZE,3.0,218,Foil,2009
3,-,-,-,-,-,-,-,-,-,-,-,Cadets,Men,KOZLOWSKI Marcin,POL,3.0,219,Foil,2009
3,-,-,-,-,-,-,-,-,-,-,-,Cadets,Men,YILDIZ bulut ali,TUR,3.0,220,Foil,2010
3,-,-,-,-,-,-,-,0,-,-,0,Cadets,Men,VASILACHE Rares,ROU,3.0,221,Foil,2009
-,-,-,-,-,-,-,-,0,3,-,0,Cadets,Men,OZ Balazs,HUN,3.0,222,Foil,2008
3,-,-,-,-,-,-,-,-,-,-,-,Cadets,Men,PIZLO Julian,POL,3.0,223,Foil,2009
-,-,-,-,-,-,-,3,-,0,0,-,Cadets,Men,VAN ZUIJLEN Pepijn,NED,3.0,224,Foil,2008
-,-,-,-,-,-,-,3,-,-,-,-,Cadets,Men,PRUTICA Tudor,GBR,3.0,225,Foil,2010
-,-,-,-,-,-,-,-,3,-,-,-,Cadets,Men,JOHNSON Daylin,AUS,3.0,226,Foil,2009
-,-,-,-,-,-,-,-,-,-,3,-,Cadets,Men,ANDRE LELOUP VIGO,FRA,3.0,226,Foil,2008
-,-,-,-,-,-,-,-,-,3,0,0,Cadets,Men,WUNDLING Kai,GER,3.0,228,Foil,2008
3,-,-,-,-,-,-,-,-,-,-,-,Cadets,Men,TSVIMITIDZE ARCHIL,GEO,3.0,229,Foil,2009
3,-,-,-,-,-,-,-,-,-,-,-,Cadets,Men,EVANGELISTI Giorgio,ITA,3.0,230,Foil,2009
-,-,-,-,-,-,-,3,-,0,-,0,Cadets,Men,BAO Le Quoc,VIE,3.0,231,Foil,2008
3,-,-,-,-,-,-,-,-,-,-,-,Cadets,Men,WOZNIAK Eryk,POL,3.0,232,Foil,2008
3,-,-,-,-,-,-,-,0,-,-,0,Cadets,Men,SKLYAROV Dmytro,UKR,3.0,233,Foil,2008
-,-,-,-,-,-,-,-,0,0,-,3,Cadets,Men,KEREKES Andras,HUN,3.0,234,Foil,2008
3,-,-,-,-,-,-,-,-,0,-,-,Cadets,Men,MARIANI Lorenzo,ITA,3.0,235,Foil,2009
3,-,-,-,-,-,-,0,0,-,-,0,Cadets,Men,MEAD Edward,GBR,3.0,236,Foil,2009
3,-,-,-,-,-,-,-,0,-,-,-,Cadets,Men,SAVLOVS Stepans,LAT,3.0,237,Foil,2009
3,-,-,-,-,-,-,-,0,-,-,0,Cadets,Men,HOLY Vojtech,CZE,3.0,238,Foil,2009
-,-,-,-,-,-,-,3,-,-,-,-,Cadets,Men,STAHL Matthew,GBR,3.0,239,Foil,2008
3,-,-,-,-,-,-,-,0,0,-,-,Cadets,Men,NAROLEWSKI Jakub,POL,3.0,240,Foil,2008
-,-,-,-,-,-,-,-,-,-,3,-,Cadets,Men,NEUSCHAEFER Felix,GER,3.0,241,Foil,2008
3,-,-,-,-,-,-,-,-,-,-,-,Cadets,Men,VAFIN Fedor,TUR,3.0,241,Foil,2010
-,-,-,-,-,-,-,-,-,-,3,-,Cadets,Men,BONIFACE LUDRICK,FRA,3.0,243,Foil,2008
-,-,-,-,-,-,-,-,0,3,0,0,Cadets,Men,PAGENKOPF Niklas,GER,3.0,244,Foil,2009
3,-,-,-,-,-,-,-,-,-,-,-,Cadets,Men,ROMANENKO Arsenii,UKR,3.0,245,Foil,2008
3,-,-,-,-,-,-,-,0,-,-,-,Cadets,Men,TRUSZCZYNSKI Dominik,POL,3.0,246,Foil,2008
3,-,-,-,-,-,-,-,-,-,-,-,Cadets,Men,FUKS ARIE,ISR,3.0,247,Foil,2008
3,-,-,-,-,-,-,-,-,-,-,-,Cadets,Men,MOCEK Maksymilian,POL,3.0,247,Foil,2009
3,-,-,-,-,-,-,-,-,-,-,-,Cadets,Men,SOWA Jan,POL,3.0,249,Foil,2008
-,-,-,-,-,-,-,-,-,3,-,0,Cadets,Men,SCHIMANN Kirill,GER,3.0,250,Foil,2009
3,-,-,-,-,-,-,-,-,-,-,-,Cadets,Men,LUIS Benjamin,GBR,3.0,251,Foil,2010
-,-,-,-,-,-,-,-,0,3,0,-,Cadets,Men,CHINO CONSTANTIN,FRA,3.0,252,Foil,2009
-,-,-,-,-,-,-,3,-,-,-,-,Cadets,Men,LEZINSKA Victor,FRA,3.0,253,Foil,2009
3,-,-,-,-,-,-,-,-,-,-,-,Cadets,Men,FEDOROW Antoni,POL,3.0,253,Foil,2009
-,-,-,-,-,-,-,3,-,-,-,-,Cadets,Men,KRONABETTER Alexander,GBR,3.0,255,Foil,2009
3,-,-,-,-,-,-,-,-,-,-,-,Cadets,Men,POKORSKI Franciszek,POL,3.0,255,Foil,2009
-,-,-,-,-,-,-,-,-,-,3,-,Cadets,Men,TESSON JULIEN,FRA,3.0,255,Foil,2008
-,-,-,-,-,-,-,3,-,-,0,-,Cadets,Men,KOK Tigo,NED,3.0,258,Foil,2008
3,-,-,-,-,-,-,-,-,-,0,-,Cadets,Men,YUKSEL oguz ada,TUR,3.0,259,Foil,2009
3,-,-,-,-,-,-,-,-,-,-,-,Cadets,Men,MINETTI Simone,ITA,3.0,260,Foil,2009
3,-,-,-,-,-,-,-,0,-,-,-,Cadets,Men,TYMOFIISHYN Yehor,UKR,3.0,261,Foil,2008
-,-,-,-,-,-,-,-,3,0,-,0,Cadets,Men,CHEW Joshua Kai En,SGP,3.0,262,Foil,2008
-,-,-,-,-,-,-,-,-,3,-,-,Cadets,Men,WALTER Raphael,GER,3.0,263,Foil,2008
3,-,-,-,-,-,-,-,-,-,-,-,Cadets,Men,CHITADZE LAZARE,GEO,3.0,263,Foil,2012
3,-,-,-,-,-,-,-,-,-,-,-,Cadets,Men,EKICI poyraz ali,TUR,3.0,265,Foil,2010
3,-,-,-,-,-,-,-,-,-,-,-,Cadets,Men,WITKOWSKI Jan,POL,3.0,266,Foil,2010
-,-,-,-,-,-,-,-,-,3,-,0,Cadets,Men,BERGMANN Dominik,GER,3.0,267,Foil,2008
3,-,-,-,-,-,-,-,-,-,-,-,Cadets,Men,WOJCIECHOWSKI Nikodem,POL,3.0,268,Foil,2010
-,-,-,-,-,-,-,-,-,0,0,3,Cadets,Men,SCHROTT Benjamin,GER,3.0,269,Foil,2008
-,-,25,-,-,-,-,-,-,-,-,-,Cadets,Men,RUGGERI Diego,ITA,3.0,270,Foil,2009
-,-,25,-,-,-,-,-,-,-,-,-,Cadets,Men,TERZIEV Martin,BUL,3.0,271,Foil,2008
-,-,25,-,-,-,-,-,-,-,-,-,Cadets,Men,VELIKOV Ivan,BUL,3.0,272,Foil,2008
-,0,-,-,-,-,-,-,-,-,-,-,Cadets,Men,DUCLAUX Vianney,FRA,0.0,273,Foil,2008
-,0,-,-,-,-,-,-,-,-,-,-,Cadets,Men,IPSEN Ditlev Samuel,DEN,0.0,274,Foil,2008
-,0,-,-,-,-,-,-,-,-,-,-,Cadets,Men,HEDBERG Albert,SWE,0.0,275,Foil,2009
-,0,-,-,-,-,-,-,-,-,-,-,Cadets,Men,VILHELMSSON Alvin,SWE,0.0,276,Foil,2010
-,-,0,-,-,-,-,-,0,-,-,-,Cadets,Men,TOULAKIS MARKAKIS Christos,GRE,0.0,277,Foil,2009
-,0,-,-,-,-,-,-,-,-,-,-,Cadets,Men,WESTERBERG Fredrik,SWE,0.0,278,Foil,2008
-,-,0,-,-,-,-,-,-,-,-,-,Cadets,Men,ARSLAN Zekeriye Tuna,TUR,0.0,279,Foil,2008
-,0,-,-,-,-,-,-,-,-,-,-,Cadets,Men,VOLTAIRE Frank,SWE,0.0,279,Foil,2009
-,-,0,-,-,-,-,-,0,-,-,-,Cadets,Men,CHIOTELIS Aris Charalampos,GRE,0.0,281,Foil,2009
-,0,-,-,-,-,-,-,-,-,-,-,Cadets,Men,LINDKVIST Noel,SWE,0.0,282,Foil,2008
-,0,-,-,-,-,-,-,-,-,-,-,Cadets,Men,TORPEGAARD Oskar,DEN,0.0,283,Foil,2011
-,0,-,-,-,-,-,-,-,-,-,-,Cadets,Men,FIEDLER ANDREN Kalle,SWE,0.0,283,Foil,2010
-,-,0,-,-,-,-,-,-,-,-,-,Cadets,Men,BAKALOV Nikolay,BUL,0.0,285,Foil,2009
-,-,0,-,-,-,-,-,0,0,-,-,Cadets,Men,COBAN mehmet ata,TUR,0.0,286,Foil,2008
-,0,-,-,-,-,-,-,-,-,-,-,Cadets,Men,SIMONS Henry,SWE,0.0,287,Foil,2009
-,-,0,-,-,-,-,-,0,-,-,0,Cadets,Men,VELIKOV Rosen,BUL,0.0,288,Foil,2009
-,0,-,-,-,-,-,-,0,-,-,0,Cadets,Men,SAJKO Jakov,CRO,0.0,289,Foil,2008
-,0,-,-,-,-,-,-,-,-,-,-,Cadets,Men,TOLL BERGMAN Dante,SWE,0.0,290,Foil,2010
-,-,0,-,-,-,-,-,-,-,-,-,Cadets,Men,BONCHEV Presiyan,BUL,0.0,291,Foil,2009
-,-,0,-,-,-,-,-,-,-,-,-,Cadets,Men,BAZHLEKOV Chavdar,BUL,0.0,292,Foil,2008
-,-,-,0,-,-,-,-,-,-,-,-,Cadets,Men,MORIKYAN GAGIK,ARM,0.0,293,Foil,2008
-,-,-,-,-,-,-,0,-,-,-,-,Cadets,Men,PIERUCCI Giovanni,ITA,0.0,294,Foil,2009
0,-,-,-,-,-,-,-,-,-,-,-,Cadets,Men,CZERNECKI Jakub,POL,0.0,295,Foil,2010
-,-,-,-,-,-,-,0,-,-,-,-,Cadets,Men,REZNIK Aleks,GBR,0.0,296,Foil,2009
0,-,-,-,-,-,-,-,-,-,-,-,Cadets,Men,TORZYNSKI Bartosz,POL,0.0,296,Foil,2009
-,-,-,-,-,-,-,-,0,0,0,-,Cadets,Men,LOO Brian,SGP,0.0,298,Foil,2009
0,-,-,-,-,-,-,-,-,-,-,-,Cadets,Men,GALEZIEWSKI Tymon,POL,0.0,299,Foil,2010
0,-,-,-,-,-,-,-,-,-,-,-,Cadets,Men,BECELLA Jakub,POL,0.0,299,Foil,2011
-,-,-,-,-,-,-,0,-,-,-,-,Cadets,Men,COE Lawrence,GBR,0.0,301,Foil,2009
0,-,-,-,-,-,-,-,-,-,-,-,Cadets,Men,AYDEMIR kuzey,TUR,0.0,302,Foil,2010
-,-,-,-,-,-,-,0,-,-,-,-,Cadets,Men,AHBLOM Emil,SWE,0.0,302,Foil,2008
-,-,-,-,-,-,-,-,0,0,0,0,Cadets,Men,JOBST Alexander,GER,0.0,304,Foil,2008
0,-,-,-,-,-,-,-,-,0,-,0,Cadets,Men,TIMARU Tudor,ROU,0.0,305,Foil,2010
-,-,-,-,-,-,-,-,0,0,0,0,Cadets,Men,YIP Nathan Tzeng Loen,SGP,0.0,306,Foil,2008
-,-,-,-,-,-,-,0,-,-,-,-,Cadets,Men,CRAIG Theo,GBR,0.0,307,Foil,2008
0,-,-,-,-,-,-,-,-,-,-,-,Cadets,Men,CIEMPA Karol,POL,0.0,307,Foil,2009
0,-,-,-,-,-,-,-,-,-,-,-,Cadets,Men,MACKALA Kamil,POL,0.0,309,Foil,2009
-,-,-,-,-,-,-,0,-,-,-,-,Cadets,Men,BRADBURY Magnus,GBR,0.0,310,Foil,2009
0,-,-,-,-,-,-,-,-,-,-,-,Cadets,Men,GLUSZAK Mateusz,POL,0.0,310,Foil,2011
0,-,-,-,-,-,-,-,-,-,-,-,Cadets,Men,NEUMANN Franciszek,POL,0.0,312,Foil,2009
-,-,-,-,-,-,-,-,-,-,0,-,Cadets,Men,RIVIERE TILL,FRA,0.0,313,Foil,2008
0,-,-,-,-,-,-,-,-,-,-,-,Cadets,Men,MORGESE Ascanio Maria,ITA,0.0,313,Foil,2010
-,-,-,-,-,-,-,-,0,0,-,-,Cadets,Men,TANG Albert,SGP,0.0,315,Foil,2008
0,-,-,-,-,-,-,-,-,-,-,-,Cadets,Men,WNUK Rafal,POL,0.0,316,Foil,2010
-,-,-,-,-,-,-,-,0,-,-,-,Cadets,Men,KLITZING Jan Lasse,GER,0.0,317,Foil,2008
-,-,-,-,-,-,-,0,-,-,-,-,Cadets,Men,CLOKE Samuel,GBR,0.0,317,Foil,2009
0,-,-,-,-,-,-,-,-,-,-,-,Cadets,Men,NAZARIANI ALLAN,GEO,0.0,317,Foil,2009
0,-,-,-,-,-,-,-,-,-,-,-,Cadets,Men,DONDAJEWSKI Stanislaw,POL,0.0,320,Foil,2009
0,-,-,-,-,-,-,-,-,-,-,-,Cadets,Men,SIWINSKI Henryk,POL,0.0,321,Foil,2010
-,-,-,-,-,-,-,0,0,-,-,-,Cadets,Men,HO Silas,GBR,0.0,322,Foil,2009
-,-,-,-,-,-,-,-,-,-,0,-,Cadets,Men,ARTUSIO Charles,FRA,0.0,323,Foil,2008
0,-,-,-,-,-,-,-,-,-,-,-,Cadets,Men,NEUMANN Jakub,POL,0.0,323,Foil,2011
-,-,-,-,-,-,-,-,0,-,-,-,Cadets,Men,LEE Thaddaeus Ted,SGP,0.0,325,Foil,2009
0,-,-,-,-,-,-,-,-,-,-,-,Cadets,Men,MAULINS Markuss,LAT,0.0,325,Foil,2010
0,-,-,-,-,-,-,-,0,0,0,-,Cadets,Men,KAYA adlen suar,TUR,0.0,327,Foil,2008
0,-,-,-,-,-,-,-,-,-,-,-,Cadets,Men,SOLTYK Mikolaj,POL,0.0,328,Foil,2010
-,-,-,-,-,-,-,-,-,-,0,-,Cadets,Men,CARON Hugo,FRA,0.0,329,Foil,2009
-,-,-,-,-,-,-,0,-,0,-,-,Cadets,Men,BOES Xander,NED,0.0,330,Foil,2010
-,-,-,-,-,-,-,-,-,-,0,-,Cadets,Men,BLANC THIBAULT,FRA,0.0,331,Foil,2008
-,-,-,-,-,-,-,0,-,-,-,-,Cadets,Men,WAN Rio,GBR,0.0,331,Foil,2009
0,-,-,-,-,-,-,-,-,-,-,-,Cadets,Men,MOMOT Oleksandr,UKR,0.0,331,Foil,2009
0,-,-,-,-,-,-,-,-,-,-,-,Cadets,Men,WITKOWSKI Stanislaw,POL,0.0,334,Foil,2012
0,-,-,-,-,-,-,-,-,-,-,-,Cadets,Men,LUKASZUK Mateusz,POL,0.0,334,Foil,2010
-,-,-,-,-,-,-,-,0,-,-,0,Cadets,Men,KANTAR Kosta,SRB,0.0,336,Foil,2008
-,-,-,-,-,-,-,0,-,-,-,-,Cadets,Men,QIN George,GBR,0.0,337,Foil,2010
0,-,-,-,-,-,-,-,0,-,-,0,Cadets,Men,BOZ ata melik,TUR,0.0,338,Foil,2009
0,-,-,-,-,-,-,-,0,0,-,0,Cadets,Men,ZYGMUNT Krzysztof,POL,0.0,339,Foil,2009
0,-,-,-,-,-,-,-,-,-,-,-,Cadets,Men,KUCZKOWSKI Dawid,POL,0.0,340,Foil,2009
-,-,-,-,-,-,-,-,-,-,-,0,Cadets,Men,ZHU Ryan,AUS,0.0,340,Foil,2009
0,-,-,-,-,-,-,-,-,-,-,-,Cadets,Men,SVETLANSKY Jakub,SVK,0.0,340,Foil,2010
0,-,-,-,-,-,-,-,-,-,-,-,Cadets,Men,KAPALA Michal,POL,0.0,340,Foil,2011
-,-,-,-,-,-,-,-,-,-,0,-,Cadets,Men,RACAPE Leonardo,FRA,0.0,344,Foil,2009
-,-,-,-,-,-,-,-,0,-,0,-,Cadets,Men,VILORIA STEPANOVA Victor Manuel,ESP,0.0,345,Foil,2008
-,-,-,-,-,-,-,0,-,-,-,-,Cadets,Men,LAW Ron Yan Ching,HKG,0.0,346,Foil,2010
0,-,-,-,-,-,-,-,-,-,-,-,Cadets,Men,BUSKIVADZE SABA,GEO,0.0,347,Foil,2010
-,-,-,-,-,-,-,0,-,-,-,-,Cadets,Men,BORTHWICK Hector,GBR,0.0,347,Foil,2009
-,-,-,-,-,-,-,0,-,-,-,-,Cadets,Men,COX Samuel,GBR,0.0,349,Foil,2009
0,-,-,-,-,-,-,-,-,-,-,-,Cadets,Men,JESZTAK Mikolaj,POL,0.0,349,Foil,2010
0,-,-,-,-,-,-,-,-,-,-,-,Cadets,Men,MOSZCZYNSKI Karol,POL,0.0,349,Foil,2010
0,-,-,-,-,-,-,-,-,-,-,-,Cadets,Men,DEMETRIOU Alexander,CYP,0.0,352,Foil,2010
0,-,-,-,-,-,-,-,-,0,-,-,Cadets,Men,ATA yigit kaan,TUR,0.0,353,Foil,2009
0,-,-,-,-,-,-,-,-,-,-,-,Cadets,Men,BLASZCZYNSKI Ksawery,POL,0.0,354,Foil,2010
-,-,-,-,-,-,-,-,-,0,-,0,Cadets,Men,DONG Zezhou,CHN,0.0,355,Foil,2009
0,-,-,-,-,-,-,-,-,-,-,-,Cadets,Men,VOLOSHYN Tymur,UKR,0.0,356,Foil,2012
-,-,-,-,-,-,-,-,0,0,-,-,Cadets,Men,TKACHENKO Hlib,UKR,0.0,357,Foil,2008
0,-,-,-,-,-,-,-,-,-,-,-,Cadets,Men,BALCI adar demir,TUR,0.0,358,Foil,2010
0,-,-,-,-,-,-,-,-,-,-,-,Cadets,Men,ROMANOVS Roberts,LAT,0.0,358,Foil,2010
-,-,-,-,-,-,-,-,0,0,0,0,Cadets,Men,CHENG Tin Yu Lincoln,SGP,0.0,360,Foil,2009
-,-,-,-,-,-,-,-,-,0,-,0,Cadets,Men,JANS Martijn,BEL,0.0,361,Foil,2009
-,-,-,-,-,-,-,-,-,0,-,-,Cadets,Men,MANFRE Nicola,ITA,0.0,362,Foil,2009
-,-,-,-,-,-,-,-,0,-,-,0,Cadets,Men,CHEN Mitchell Lixuan,AUS,0.0,363,Foil,2009
-,-,-,-,-,-,-,-,-,-,0,-,Cadets,Men,AMSALLEM Lenny,FRA,0.0,364,Foil,2009
-,-,-,-,-,-,-,-,0,-,-,0,Cadets,Men,TOTH Marton,HUN,0.0,365,Foil,2008
-,-,-,-,-,-,-,-,0,0,-,-,Cadets,Men,GEIER Florentin,GER,0.0,366,Foil,2008
-,-,-,-,-,-,-,-,-,0,-,-,Cadets,Men,MUBARAK ABDULRAHMAN,UAE,0.0,367,Foil,2008
-,-,-,-,-,-,-,-,0,-,0,-,Cadets,Men,URIA FARRES Alex,ESP,0.0,368,Foil,2008
-,-,-,-,-,-,-,-,0,-,-,-,Cadets,Men,BOBICS Adam,HUN,0.0,369,Foil,2010
-,-,-,-,-,-,-,-,-,-,-,0,Cadets,Men,EK Samuel,AUS,0.0,370,Foil,2008
-,-,-,-,-,-,-,-,-,0,0,0,Cadets,Men,GESSNER Nicolas,GER,0.0,371,Foil,2008
-,-,-,-,-,-,-,-,0,-,0,-,Cadets,Men,PENA ESPINOSA DE LOS MONTEROS Borja,ESP,0.0,372,Foil,2008
-,-,-,-,-,-,-,-,-,-,0,-,Cadets,Men,LEPAROUX JEAN,FRA,0.0,373,Foil,2008
-,-,-,-,-,-,-,-,0,-,-,0,Cadets,Men,SENGUL Onur,TUR,0.0,374,Foil,2008
-,-,-,-,-,-,-,-,-,0,-,-,Cadets,Men,EL EBRASHI Junes,GER,0.0,375,Foil,2009
-,-,-,-,-,-,-,-,-,0,-,-,Cadets,Men,GAMBITTA Leonardo,ITA,0.0,376,Foil,2009
-,-,-,-,-,-,-,-,0,-,-,-,Cadets,Men,LAKATOS Balazs,HUN,0.0,377,Foil,2009
-,-,-,-,-,-,-,-,-,0,-,-,Cadets,Men,MAEDER Michel,GER,0.0,377,Foil,2009
-,-,-,-,-,-,-,-,-,0,-,-,Cadets,Men,FRITZ Johann,GER,0.0,379,Foil,2008
-,-,-,-,-,-,-,-,0,0,-,0,Cadets,Men,SEKANINA Matyas,CZE,0.0,380,Foil,2009
-,-,-,-,-,-,-,-,0,-,-,-,Cadets,Men,KOSZTA Domonkos,HUN,0.0,381,Foil,2008
-,-,-,-,-,-,-,-,-,0,-,-,Cadets,Men,BRUSCHEK Robin,GER,0.0,382,Foil,2008
-,-,-,-,-,-,-,-,-,0,-,-,Cadets,Men,FELDMANN Fabian,GER,0.0,383,Foil,2008
-,-,-,-,-,-,-,-,0,-,-,-,Cadets,Men,YOUSSEF omar,EGY,0.0,384,Foil,2008
-,-,-,-,-,-,-,-,-,0,-,-,Cadets,Men,DELLA GATTA Sergio,ITA,0.0,385,Foil,2009
-,-,-,-,-,-,-,-,0,-,-,-,Cadets,Men,FARKAS Akos,HUN,0.0,386,Foil,2010
-,-,-,-,-,-,-,-,-,-,0,-,Cadets,Men,EVUORT DAN,FRA,0.0,386,Foil,2008
-,-,-,-,-,-,-,-,0,-,-,-,Cadets,Men,RADICS Peter,HUN,0.0,388,Foil,2009
-,-,-,-,-,-,-,-,-,-,0,-,Cadets,Men,HUBERT THEOPHANE,FRA,0.0,388,Foil,2008
-,-,-,-,-,-,-,-,0,-,-,-,Cadets,Men,GROF Domonkos,HUN,0.0,390,Foil,2010
-,-,-,-,-,-,-,-,-,-,0,-,Cadets,Men,GOMEZ GIUROIU Sebastian,ESP,0.0,391,Foil,2008
-,-,-,-,-,-,-,-,0,-,-,-,Cadets,Men,ROKUSFALVY-BODOR Andras,HUN,0.0,392,Foil,2010
-,-,-,-,-,-,-,-,0,0,0,-,Cadets,Men,DING Caleb Ruoxuan,SGP,0.0,393,Foil,2009
-,-,-,-,-,-,-,-,0,0,-,0,Cadets,Men,ERL Sebastian,AUT,0.0,394,Foil,2009
-,-,-,-,-,-,-,-,0,-,-,-,Cadets,Men,ALZAMEL FAISAL,KUW,0.0,395,Foil,2008
-,-,-,-,-,-,-,-,-,0,-,-,Cadets,Men,KOETHE Joscha,GER,0.0,395,Foil,2009
-,-,-,-,-,-,-,-,-,-,0,-,Cadets,Men,BOURCIER eloi,FRA,0.0,397,Foil,2010
-,-,-,-,-,-,-,-,-,0,-,-,Cadets,Men,STRANIERO Filippo Maria,ITA,0.0,398,Foil,2009
-,-,-,-,-,-,-,-,0,0,-,0,Cadets,Men,RAUTER Lamine,AUT,0.0,399,Foil,2009
-,-,-,-,-,-,-,-,0,-,-,-,Cadets,Men,YEPIFANOV Sava,UKR,0.0,400,Foil,2009
-,-,-,-,-,-,-,-,-,-,0,-,Cadets,Men,FRIHA YAHIAOUI Mahdi,FRA,0.0,400,Foil,2010
-,-,-,-,-,-,-,-,-,0,0,0,Cadets,Men,AHLVERS Max,GER,0.0,402,Foil,2009
-,-,-,-,-,-,-,-,-,0,-,-,Cadets,Men,MAHUTKA Leander Luis,GER,0.0,403,Foil,2009
-,-,-,-,-,-,-,-,0,-,-,-,Cadets,Men,SZEMES Aron,HUN,0.0,403,Foil,2009
-,-,-,-,-,-,-,-,0,-,-,-,Cadets,Men,SZASZAK Tamas Balazs,HUN,0.0,405,Foil,2009
-,-,-,-,-,-,-,-,-,-,0,-,Cadets,Men,EL BATTI Hedi,TUN,0.0,405,Foil,2008
-,-,-,-,-,-,-,-,0,-,-,-,Cadets,Men,MICHALOPOULOS Achilleas Dimitrios,GRE,0.0,407,Foil,2009
-,-,-,-,-,-,-,-,-,0,-,-,Cadets,Men,PUHLMANN Felix,GER,0.0,408,Foil,2009
-,-,-,-,-,-,-,-,-,-,0,-,Cadets,Men,BLONDELLE Raphael,FRA,0.0,408,Foil,2008
-,-,-,-,-,-,-,-,-,0,-,-,Cadets,Men,KONDRATEV Vasily,GER,0.0,410,Foil,2009
-,-,-,-,-,-,-,-,-,0,0,-,Cadets,Men,ANCIAUX Esteban,BEL,0.0,411,Foil,2008
-,-,-,-,-,-,-,-,0,0,-,-,Cadets,Men,BOYACIOGLU ismail can,TUR,0.0,412,Foil,2008
-,-,-,-,-,-,-,-,-,-,0,-,Cadets,Men,LEE Jovan Kai Wen,SGP,0.0,413,Foil,2009
-,-,-,-,-,-,-,-,-,0,-,-,Cadets,Men,MARKS Florian,GER,0.0,414,Foil,2008
-,-,-,-,-,-,-,-,0,-,-,-,Cadets,Men,GLATT Adam,HUN,0.0,415,Foil,2009
-,-,-,-,-,-,-,-,-,-,-,0,Cadets,Men,PAUL ROMERO Mateo,ESP,0.0,415,Foil,2008
-,-,-,-,-,-,-,-,0,-,0,-,Cadets,Men,GASQUEZ I FIGUERAS Arnau,ESP,0.0,417,Foil,2009
-,-,-,-,-,-,-,-,-,0,-,-,Cadets,Men,RAETHEL Werner,GER,0.0,418,Foil,2008
-,-,-,-,-,-,-,-,-,0,-,-,Cadets,Men,SIEMERS Jesper,GER,0.0,419,Foil,2008
-,-,-,-,-,-,-,-,-,-,0,-,Cadets,Men,DE NICOLAS RODRIGUEZ Cristobal,ESP,0.0,420,Foil,2008
-,-,-,-,-,-,-,-,0,0,0,-,Cadets,Men,DING Devin Yuxuan,SGP,0.0,421,Foil,2010
-,-,-,-,-,-,-,-,-,0,-,-,Cadets,Men,AMEUR Jabir,NED,0.0,422,Foil,2008
-,-,-,-,-,-,-,-,-,-,0,-,Cadets,Men,SEGARRA ROSADO Carlos,ESP,0.0,422,Foil,2010
-,-,-,-,-,-,-,-,0,-,-,-,Cadets,Men,LASZLO Abel Elod,HUN,0.0,424,Foil,2010
-,-,-,-,-,-,-,-,-,-,0,-,Cadets,Men,AINAGA PEREZ Axel,ESP,0.0,424,Foil,2009
-,-,-,-,-,-,-,-,0,0,0,0,Cadets,Men,TAN Matthew,SGP,0.0,426,Foil,2010
-,-,-,-,-,-,-,-,-,0,-,-,Cadets,Men,BOEHME David,GER,0.0,427,Foil,2010
-,-,-,-,-,-,-,-,0,-,0,-,Cadets,Men,GORIN ARZUAGA Fabrice Andre,ARG,0.0,428,Foil,2008
-,-,-,-,-,-,-,-,-,-,-,0,Cadets,Men,KOSTKA Jan,CZE,0.0,429,Foil,2008
-,-,-,-,-,-,-,-,-,0,-,-,Cadets,Men,VATTER Haydn Stig,GER,0.0,429,Foil,2009
-,-,-,-,-,-,-,-,0,-,-,-,Cadets,Men,LEE Regan Zhe Zhen,SGP,0.0,431,Foil,2008
-,-,-,-,-,-,-,-,-,0,-,-,Cadets,Men,ERTL Marvin,GER,0.0,431,Foil,2010
-,-,-,-,-,-,-,-,0,-,-,0,Cadets,Men,HOPPE Drazen Derek,SVK,0.0,433,Foil,2008
-,-,-,-,-,-,-,-,-,-,-,0,Cadets,Men,VNUCKO David,SVK,0.0,434,Foil,2008
-,-,-,-,-,-,-,-,-,-,-,0,Cadets,Men,ALVAREZ NUNEZ MARTIN,ESP,0.0,434,Foil,2008
-,-,-,-,-,-,-,-,-,0,-,-,Cadets,Men,NUERNBERG Lorenz,GER,0.0,436,Foil,2009
-,-,-,-,-,-,-,-,0,-,-,-,Cadets,Men,NEMETHI Barnabas,HUN,0.0,437,Foil,2008
-,-,-,-,-,-,-,-,0,-,-,-,Cadets,Men,SEMENOV Hlib,UKR,0.0,437,Foil,2009
-,-,-,-,-,-,-,-,0,-,-,-,Cadets,Men,SZABO Benedek,HUN,0.0,439,Foil,2009
-,-,-,-,-,-,-,-,0,0,-,0,Cadets,Men,MACK Gregor,AUT,0.0,440,Foil,2009
-,-,-,-,-,-,-,-,0,-,-,-,Cadets,Men,BLUNCK Kristof,HUN,0.0,441,Foil,2009
-,-,-,-,-,-,-,-,-,0,-,-,Cadets,Men,GEC efe,TUR,0.0,441,Foil,2008
-,-,-,-,-,-,-,-,0,-,-,-,Cadets,Men,SZENDREI Marton,HUN,0.0,443,Foil,2008
-,-,-,-,-,-,-,-,0,-,-,0,Cadets,Men,KYSELICA Maximilian,SVK,0.0,444,Foil,2008
-,-,-,-,-,-,-,-,0,0,-,0,Cadets,Men,PLATZER Florian,AUT,0.0,445,Foil,2008
-,-,-,-,-,-,-,-,0,-,-,-,Cadets,Men,BAJNOK Vince,HUN,0.0,446,Foil,2009
-,-,-,-,-,-,-,-,0,-,-,-,Cadets,Men,JESZTL Merse,HUN,0.0,446,Foil,2009
-,-,-,-,-,-,-,-,0,-,-,-,Cadets,Men,DACHI JAPHARIDZE,GEO,0.0,446,Foil,2008
-,-,-,-,-,-,-,-,0,-,-,-,Cadets,Men,FEKETE Simon,HUN,0.0,446,Foil,2009
-,-,-,-,-,-,-,-,-,0,-,-,Cadets,Men,MANTEUFEL Emil,GER,0.0,446,Foil,2008
-,-,-,-,-,-,-,-,-,-,-,0,Cadets,Men,KOLLAR Renatus Leonard,SVK,0.0,451,Foil,2008
-,-,-,-,-,-,-,-,-,0,-,-,Cadets,Men,SEEMANN Niklas,GER,0.0,452,Foil,2008
-,-,-,-,-,-,-,-,0,-,-,-,Cadets,Men,NTOUKA Nikolaos,GRE,0.0,453,Foil,2009
-,-,-,-,-,-,-,-,-,0,-,-,Cadets,Men,ARIAS DE BLES Miro,NED,0.0,454,Foil,2008
-,-,-,-,-,-,-,-,0,-,-,-,Cadets,Men,SZOGI-NAGY Tamas,HUN,0.0,455,Foil,2009
-,-,-,-,-,-,-,-,-,0,-,-,Cadets,Men,BLOKKER Szymon,NED,0.0,456,Foil,2009
-,-,-,-,-,-,-,-,-,0,-,-,Cadets,Men,NEMAT Malte,GER,0.0,457,Foil,2008
-,-,-,-,-,-,-,-,-,0,-,-,Cadets,Men,FINK Alexander,GER,0.0,457,Foil,2008
-,-,-,-,-,-,-,-,0,-,-,-,Cadets,Men,KHOO Alvin,SGP,0.0,459,Foil,2010
-,-,-,-,-,-,-,-,0,-,-,-,Cadets,Men,CSERNUS Bendeguz,HUN,0.0,460,Foil,2009
-,-,-,-,-,-,-,-,-,0,-,-,Cadets,Men,SCHONATH Tim Konstantin,GER,0.0,460,Foil,2009
-,-,-,-,-,-,-,-,0,0,-,-,Cadets,Men,ADAM Niko,CRO,0.0,462,Foil,2008
-,-,-,-,-,-,-,-,-,0,-,-,Cadets,Men,TEKER Poyraz,TUR,0.0,463,Foil,2008
-,-,-,-,-,-,-,-,0,-,-,-,Cadets,Men,MERLIOTT-ALMASSY Matyas,HUN,0.0,464,Foil,2009
-,-,-,-,-,-,-,-,0,-,-,-,Cadets,Men,TOROK Csanad,HUN,0.0,465,Foil,2009
-,-,-,-,-,-,-,-,0,-,-,-,Cadets,Men,KOVACS-LATHWESEN Kristof,HUN,0.0,466,Foil,2009
-,-,-,-,-,-,-,-,0,-,-,-,Cadets,Men,LEE Kingston Jun Yew,SGP,0.0,466,Foil,2011
-,-,-,-,-,-,-,-,0,-,-,-,Cadets,Men,KOK berke,TUR,0.0,468,Foil,2008
-,-,-,-,-,-,-,-,0,-,-,-,Cadets,Men,GOMORI Denes,HUN,0.0,469,Foil,2010
-,-,-,-,-,-,-,-,0,-,-,-,Cadets,Men,KRUHEK David,CRO,0.0,470,Foil,2009
-,-,-,80,-,-,24,-,-,-,78,60,Cadets,Men,REALE Leonardo,ITA,242.0,1,Sabre,2008
20,-,-,-,-,-,(6),96,-,78,12,-,Cadets,Men,AYAZ Yigit,TUR,206.0,2,Sabre,2008
-,96,10,5,-,-,(6),42,-,12,(3),-,Cadets,Men,GEORGIEV Nikolay-Tomas,BUL,165.0,3,Sabre,2008
-,-,80,10,-,-,60,-,-,6,(3),6,Cadets,Men,MAKLAKOV Julian,GER,162.0,4,Sabre,2008
-,60,-,35,-,-,3,-,-,-,3,-,Cadets,Men,ZAHREBELNYI DMYTRII,UKR,101.0,5,Sabre,2008
-,-,-,20,-,-,0,-,-,-,-,78,Cadets,Men,MURTAS Christian,ITA,98.0,6,Sabre,2008
32,42,-,10,-,-,-,12,-,-,-,-,Cadets,Men,URUSHADZE Giorgi,GEO,96.0,7,Sabre,2009
-,-,20,35,-,-,6,-,-,6,(3),24,Cadets,Men,WEBER Leonard,GER,91.0,8,Sabre,2008
-,-,-,10,-,-,24,24,-,3,6,(3),Cadets,Men,BRYDEN Joshua,GBR,67.0,9,Sabre,2008
-,12,-,20,-,-,6,-,-,24,-,-,Cadets,Men,GROLLIOS Thomas Avraam,GRE,62.0,10,Sabre,2008
-,-,-,-,-,-,12,-,-,42,6,-,Cadets,Men,PRIMUS Nazir,USA,60.0,11,Sabre,2008
26,6,5,10,-,-,-,6,-,-,-,-,Cadets,Men,HUSEYNOV Abbas,AZE,53.0,12,Sabre,2009
14,-,-,-,-,-,3,12,-,(3),24,-,Cadets,Men,TAKKA Arda,TUR,53.0,13,Sabre,2009
-,-,-,-,-,-,6,-,-,42,3,-,Cadets,Men,KWALWASSER Eric,USA,51.0,14,Sabre,2008
-,-,20,-,-,-,(3),12,-,12,(3),6,Cadets,Men,WEISER Tim,GER,50.0,15,Sabre,2008
14,-,-,-,-,-,6,24,-,(3),3,-,Cadets,Men,KUMUK Poyraz,TUR,47.0,16,Sabre,2008
-,-,35,5,-,-,0,-,-,3,3,-,Cadets,Men,DABROWSKI Szymon,POL,46.0,17,Sabre,2008
14,-,-,-,-,-,-,12,-,6,12,-,Cadets,Men,BARIS Efe,TUR,44.0,18,Sabre,2008
-,24,-,10,-,-,6,-,-,0,3,-,Cadets,Men,ENE Michael,ROU,43.0,19,Sabre,2008
8,-,-,-,-,-,6,24,-,-,3,-,Cadets,Men,AKALIN Arda,TUR,41.0,20,Sabre,2008
-,-,20,5,-,-,12,-,-,3,0,-,Cadets,Men,KRZEMINSKI Adam,POL,40.0,21,Sabre,2008
8,-,-,-,-,-,-,24,-,3,3,-,Cadets,Men,AKPINAR ali baris,TUR,38.0,22,Sabre,2008
-,24,-,-,-,-,-,-,-,-,6,6,Cadets,Men,BLOIN Maxence,FRA,36.0,23,Sabre,2008
-,-,-,-,-,-,6,-,-,-,24,6,Cadets,Men,AVALTRONI Christian,ITA,36.0,24,Sabre,2009
-,-,35,-,-,-,-,-,-,-,-,-,Cadets,Men,BENIGNI Riccardo,ITA,35.0,25,Sabre,2008
-,6,-,5,-,-,0,12,-,-,12,-,Cadets,Men,KONG Kenneth,SWE,35.0,26,Sabre,2009
-,-,-,-,-,-,3,-,-,24,6,-,Cadets,Men,HOLZ Daniel,USA,33.0,27,Sabre,2008
-,-,-,-,-,-,6,-,-,-,12,12,Cadets,Men,VIVALDI Davide,ITA,30.0,28,Sabre,2008
-,-,-,-,-,-,12,-,-,-,12,6,Cadets,Men,TRIBUNO Andrea,ITA,30.0,29,Sabre,2008
-,6,-,-,-,-,6,6,-,12,(0),(3),Cadets,Men,MEICOV Nikola,BUL,30.0,30,Sabre,2009
20,-,-,-,-,-,3,-,-,3,3,-,Cadets,Men,BERRAK candeniz,TUR,29.0,31,Sabre,2009
-,-,-,-,-,-,24,-,-,-,0,3,Cadets,Men,GIOVANNETTI Pablo,ITA,27.0,32,Sabre,2008
-,-,-,0,-,-,-,-,-,3,-,24,Cadets,Men,AMAT BAZTARRIKA Markel,ESP,27.0,33,Sabre,2008
14,12,-,-,-,-,-,-,-,-,-,-,Cadets,Men,EYBELMAN ARIEL,UKR,26.0,34,Sabre,2008
-,24,-,-,-,-,-,-,-,-,-,-,Cadets,Men,HOSPITAL BAPTISTE,FRA,24.0,35,Sabre,2008
-,6,-,-,-,-,3,12,-,3,(0),-,Cadets,Men,LEE AIDAN JARED MARCUS,MAS,24.0,36,Sabre,2008
-,12,-,-,-,-,-,-,-,-,-,12,Cadets,Men,KUSHKOV Daniel,USA,24.0,37,Sabre,2008
-,-,-,-,-,-,12,-,-,12,-,-,Cadets,Men,PATURZO GONZALEZ Emilio,USA,24.0,38,Sabre,2008
-,-,-,-,-,-,-,12,-,3,3,3,Cadets,Men,TAN Julius Xuan Lin,SGP,21.0,39,Sabre,2008
-,-,-,-,-,-,3,-,-,3,0,12,Cadets,Men,GODO Vilmos,HUN,18.0,40,Sabre,2009
-,-,-,-,-,-,12,-,-,-,3,3,Cadets,Men,CASAVECCHIA Matteo,ITA,18.0,41,Sabre,2009
-,6,-,-,-,-,3,6,-,3,-,-,Cadets,Men,KASABOV Tervel,BUL,18.0,42,Sabre,2008
-,-,-,-,-,-,3,6,-,6,3,-,Cadets,Men,EVANS Joe,GBR,18.0,43,Sabre,2008
8,-,-,-,-,-,0,6,-,-,3,-,Cadets,Men,GUVEN uluc eke,TUR,17.0,44,Sabre,2009
-,3,-,5,-,-,(0),6,-,3,0,-,Cadets,Men,FRADELLOS Georgios,GRE,17.0,45,Sabre,2008
-,6,10,-,-,-,0,-,-,-,-,-,Cadets,Men,BARABASH Matvii,UKR,16.0,46,Sabre,2008
-,-,-,-,-,-,3,12,-,-,-,-,Cadets,Men,YUEN Lucas,HKG,15.0,47,Sabre,2008
-,12,-,-,-,-,-,-,-,0,3,-,Cadets,Men,KOUTLAS Evangelos Vasileios,GRE,15.0,48,Sabre,2009
8,-,-,-,-,-,-,6,-,-,-,-,Cadets,Men,BOSTANBAS sarp,TUR,14.0,49,Sabre,2008
-,12,-,-,-,-,-,-,-,-,-,-,Cadets,Men,SHIPITSIN Alexander,USA,12.0,50,Sabre,2008
-,-,-,-,-,-,-,-,-,-,-,12,Cadets,Men,KAWANO Osuke,JPN,12.0,51,Sabre,2008
-,6,-,-,-,-,-,-,-,-,-,6,Cadets,Men,LE GAC BRIAND Ulysse,FRA,12.0,52,Sabre,2008
-,6,-,-,-,-,0,6,-,0,-,-,Cadets,Men,MILANOV Nikola,BUL,12.0,53,Sabre,2008
-,-,-,-,-,-,3,-,-,-,6,3,Cadets,Men,MANZO Emanuel,ITA,12.0,54,Sabre,2009
-,3,-,-,-,-,-,6,-,0,3,-,Cadets,Men,LIVANOS Nikolaos,GRE,12.0,55,Sabre,2009
-,-,-,-,-,-,-,6,-,-,0,6,Cadets,Men,LIAN Marcus Kang Jing,SGP,12.0,56,Sabre,2009
-,3,-,-,-,-,3,-,-,6,0,-,Cadets,Men,RADU Matei,ROU,12.0,57,Sabre,2009
-,6,-,-,-,-,3,-,-,-,0,3,Cadets,Men,LUMSDEN Guy,GBR,12.0,58,Sabre,2008
-,-,-,-,-,-,-,3,-,3,3,3,Cadets,Men,LEE Herald Lloyd,SGP,12.0,59,Sabre,2008
-,-,-,-,-,-,3,3,-,3,(0),3,Cadets,Men,BUXTON William,GBR,12.0,60,Sabre,2009
8,-,-,-,-,-,-,3,-,0,0,-,Cadets,Men,BASAR Muhammed Arda,TUR,11.0,61,Sabre,2008
8,-,-,-,-,-,3,0,-,0,-,-,Cadets,Men,OSMANAGAOGLU ziya arda,TUR,11.0,62,Sabre,2010
-,6,5,-,-,-,0,-,-,-,-,-,Cadets,Men,ATAYAN Oleksii,UKR,11.0,63,Sabre,2008
-,3,5,-,-,-,-,-,-,0,-,3,Cadets,Men,IVANOV Nikola,BUL,11.0,64,Sabre,2010
-,3,5,-,-,-,(0),-,-,0,-,3,Cadets,Men,BIGGIO Alex,SUI,11.0,65,Sabre,2009
-,3,5,-,-,-,0,-,-,3,-,-,Cadets,Men,KULESHA Iurii,UKR,11.0,66,Sabre,2010
-,-,10,-,-,-,0,-,-,-,-,-,Cadets,Men,KOSSUT Franciszek,POL,10.0,67,Sabre,2008
4,-,-,-,-,-,0,6,-,-,-,-,Cadets,Men,CALISKAN tuna,TUR,10.0,68,Sabre,2009
-,-,10,-,-,-,0,-,-,-,-,-,Cadets,Men,WIECH Krzysztof,POL,10.0,69,Sabre,2009
-,-,10,-,-,-,-,-,-,-,-,-,Cadets,Men,TREJO Victor,MEX,10.0,70,Sabre,2008
4,-,-,5,-,-,-,-,-,-,-,-,Cadets,Men,GLOTTE Gleb,ISR,9.0,71,Sabre,2008
-,-,-,-,-,-,3,-,-,-,-,6,Cadets,Men,MODOS Ferenc,HUN,9.0,72,Sabre,2008
-,-,-,-,-,-,0,-,-,3,-,6,Cadets,Men,RHODES Finlay,GBR,9.0,73,Sabre,2008
-,-,-,-,-,-,0,-,-,3,-,6,Cadets,Men,BEDFORD Raphael,GBR,9.0,74,Sabre,2008
-,-,-,-,-,-,-,3,-,-,0,6,Cadets,Men,LOW DE JIE Samuel,SGP,9.0,75,Sabre,2008
-,6,-,-,-,-,-,3,-,0,0,-,Cadets,Men,LEE WILLIAM NIGEL,MAS,9.0,76,Sabre,2010
-,-,-,-,-,-,0,-,-,6,0,3,Cadets,Men,SCHMIERER Till,GER,9.0,77,Sabre,2009
-,3,-,-,-,-,0,6,-,0,-,-,Cadets,Men,TONCHEV Dimitar,BUL,9.0,78,Sabre,2008
-,6,-,-,-,-,0,-,-,3,-,-,Cadets,Men,TATULESCU Chrisley,ROU,9.0,79,Sabre,2008
-,3,-,-,-,-,(0),3,-,0,(0),3,Cadets,Men,ATANASOV Konstantin,BUL,9.0,80,Sabre,2009
-,3,-,-,-,-,3,-,-,3,0,-,Cadets,Men,MANEA Noah Stefan,ROU,9.0,81,Sabre,2008
-,3,-,-,-,-,3,-,-,0,3,-,Cadets,Men,BETEAGU Rares,ROU,9.0,82,Sabre,2008
-,-,-,-,-,-,0,-,-,3,3,3,Cadets,Men,RADACSI Patrik,HUN,9.0,83,Sabre,2009
-,-,-,-,-,-,0,3,-,3,3,-,Cadets,Men,LEHNERT Tobias,GER,9.0,84,Sabre,2008
-,3,-,-,-,-,-,-,-,-,3,3,Cadets,Men,RISCH RIFFARTH VINCENT,FRA,9.0,85,Sabre,2009
8,-,-,0,-,-,-,-,-,-,-,-,Cadets,Men,GOLDFELD Vladimir,ISR,8.0,86,Sabre,2009
8,-,-,-,-,-,-,-,-,-,-,-,Cadets,Men,GUNGOR Berk,TUR,8.0,87,Sabre,2008
-,-,5,-,-,-,(0),0,-,3,(0),0,Cadets,Men,WIEKHORST Kajetan,GER,8.0,88,Sabre,2008
-,-,5,-,-,-,3,-,-,0,0,-,Cadets,Men,LEWKOWSKI Wiktor,POL,8.0,89,Sabre,2008
-,3,5,-,-,-,-,-,-,-,-,-,Cadets,Men,GARCIA-GHURAN Aidan,GBR,8.0,90,Sabre,2008
-,-,5,-,-,-,(0),-,-,0,3,0,Cadets,Men,FERRAND DAVID Raphael,SUI,8.0,91,Sabre,2009
-,3,5,-,-,-,-,-,-,-,-,-,Cadets,Men,LYSEYKO Ashwyn,GBR,8.0,92,Sabre,2010
-,-,5,0,-,-,3,-,-,-,0,-,Cadets,Men,MACHAJ Vojtech,CZE,8.0,93,Sabre,2009
4,-,-,-,-,-,-,3,-,-,-,-,Cadets,Men,MERT kuzey gazi,TUR,7.0,94,Sabre,2009
4,-,-,-,-,-,-,3,-,-,-,-,Cadets,Men,COSKUN erturk selim,TUR,7.0,95,Sabre,2010
4,-,-,-,-,-,-,3,-,-,-,-,Cadets,Men,BOZKUS berken,TUR,7.0,96,Sabre,2009
4,3,-,0,-,-,-,-,-,-,-,-,Cadets,Men,JIMSHELEISHVILI DAVITI,GEO,7.0,97,Sabre,2008
-,6,-,-,-,-,0,-,-,0,-,-,Cadets,Men,SYDORENKO ILLIA,UKR,6.0,98,Sabre,2008
-,-,-,-,-,-,-,-,-,-,-,6,Cadets,Men,KANG Evan,USA,6.0,99,Sabre,2009
-,-,-,-,-,-,-,-,-,-,-,6,Cadets,Men,BARNARD HIROTO MORRISON,JPN,6.0,100,Sabre,2008
-,6,-,-,-,-,-,-,-,-,-,-,Cadets,Men,SOARE Calin,ROU,6.0,101,Sabre,2009
-,6,-,-,-,-,-,-,-,0,-,-,Cadets,Men,TETRADIS Loukas Athanasios,GRE,6.0,102,Sabre,2008
-,-,-,-,-,-,0,6,-,-,0,-,Cadets,Men,OZGUR Tuna Kerem,TUR,6.0,103,Sabre,2008
-,6,-,-,-,-,0,-,-,0,-,-,Cadets,Men,STEFAN Mario Alexandru,ROU,6.0,104,Sabre,2008
-,6,-,0,-,-,(0),-,-,0,0,0,Cadets,Men,SIBELIUS Etienne,FIN,6.0,105,Sabre,2009
-,-,-,-,-,-,0,6,-,0,(0),0,Cadets,Men,SAUNDERS Maximillian,GBR,6.0,106,Sabre,2008
-,-,-,-,-,-,-,6,-,-,-,-,Cadets,Men,VERSTAKOVAS DANIEL,AZE,6.0,107,Sabre,2008
-,-,-,-,-,-,-,6,-,0,0,-,Cadets,Men,ASLAN Eren,TUR,6.0,108,Sabre,2009
-,6,-,-,-,-,-,-,-,-,0,-,Cadets,Men,VACCA Lino,FRA,6.0,109,Sabre,2008
-,-,-,-,-,-,-,-,-,-,-,6,Cadets,Men,TRUKHIN Mikhail,JPN,6.0,110,Sabre,2008
-,6,-,-,-,-,0,-,-,-,-,-,Cadets,Men,FATU Adrian Stefan,ROU,6.0,111,Sabre,2008
-,-,-,-,-,-,-,6,-,0,-,-,Cadets,Men,KOH Wei Zhe Benjamin,SGP,6.0,112,Sabre,2009
-,6,-,-,-,-,-,-,-,-,-,-,Cadets,Men,NASTASE Mihnea,ROU,6.0,113,Sabre,2009
-,3,-,-,-,-,-,-,-,3,-,-,Cadets,Men,SKOUNTZOS Iraklis,GRE,6.0,114,Sabre,2008
-,3,-,0,-,-,-,3,-,-,-,-,Cadets,Men,GOGOKHIA SABA,GEO,6.0,115,Sabre,2009
-,3,0,0,-,-,0,-,-,-,-,3,Cadets,Men,ANSERMET Loic,SUI,6.0,116,Sabre,2009
-,-,-,-,-,-,0,-,-,3,-,3,Cadets,Men,DE ANDRES JIMENEZ Jose Antonio,ESP,6.0,117,Sabre,2009
-,-,-,-,-,-,3,-,-,-,0,3,Cadets,Men,DI PROSPERO Lorenzo,ITA,6.0,118,Sabre,2009
-,3,-,-,-,-,-,3,-,0,-,-,Cadets,Men,BONEV Nikita,BUL,6.0,119,Sabre,2009
-,-,-,-,-,-,0,-,-,3,0,3,Cadets,Men,RATOCZI Hunor,HUN,6.0,120,Sabre,2008
-,-,-,-,-,-,-,-,-,-,3,3,Cadets,Men,PICCIOLI BAPTISTE,FRA,6.0,121,Sabre,2008
-,-,-,-,-,-,3,-,-,3,0,-,Cadets,Men,STEINBACHER Janos,HUN,6.0,122,Sabre,2008
-,-,-,-,-,-,-,-,-,3,0,3,Cadets,Men,ROMAN BLANQUE Alejandro,ESP,6.0,123,Sabre,2009
-,-,-,-,-,-,-,-,-,3,3,-,Cadets,Men,OOI Shane Jun Ming,SGP,6.0,124,Sabre,2008
-,3,25,-,-,-,0,-,-,0,-,-,Cadets,Men,OBUKHOV Nikita,UKR,6.0,125,Sabre,2009
-,-,5,-,-,-,-,-,-,-,-,-,Cadets,Men,TIROTTI Tommaso,ITA,5.0,126,Sabre,2008
-,-,5,-,-,-,(0),-,-,0,0,0,Cadets,Men,ROELOFS Erwan,SUI,5.0,127,Sabre,2008
-,-,5,-,-,-,-,-,-,-,0,-,Cadets,Men,GRADON Krzysztof,POL,5.0,128,Sabre,2009
-,-,5,-,-,-,0,-,-,-,-,-,Cadets,Men,SAFONOV Georgi,EST,5.0,129,Sabre,2009
-,-,5,-,-,-,-,-,-,-,-,-,Cadets,Men,BRUNO Simone,ITA,5.0,130,Sabre,2008
-,-,5,-,-,-,-,-,-,-,-,-,Cadets,Men,ARPAIA Leandro,ITA,5.0,131,Sabre,2008
-,-,5,-,-,-,-,-,-,-,0,-,Cadets,Men,GROHMANN Jannis,GER,5.0,132,Sabre,2010
-,-,5,-,-,-,-,-,-,-,0,0,Cadets,Men,WIELEMANS DE MARCHANT ET D'ANSEMBOURG Aymeric,BEL,5.0,133,Sabre,2008
-,-,5,-,-,-,(0),-,-,0,0,0,Cadets,Men,ALEXANDROV Daniel,BUL,5.0,134,Sabre,2008
-,0,5,-,-,-,-,-,-,-,-,-,Cadets,Men,SKRYPNYK Ilia,UKR,5.0,135,Sabre,2009
4,-,-,-,-,-,-,-,-,-,-,-,Cadets,Men,ALAKBARZADE Ismayil,AZE,4.0,136,Sabre,2008
4,-,-,-,-,-,-,0,-,-,-,-,Cadets,Men,GAR umut,TUR,4.0,137,Sabre,2008
4,-,-,-,-,-,-,-,-,-,-,-,Cadets,Men,BOBOKHIDZE GIORGI,GEO,4.0,138,Sabre,2009
4,-,-,-,-,-,-,-,-,-,-,-,Cadets,Men,ZUFFA CONSTANTINO,GEO,4.0,139,Sabre,2010
4,-,-,-,-,-,-,-,-,-,-,-,Cadets,Men,ISLAMZADE Aykhan,AZE,4.0,140,Sabre,2009
4,-,-,-,-,-,-,-,-,-,-,-,Cadets,Men,VAPURCU Ege,TUR,4.0,141,Sabre,2009
4,-,-,-,-,-,-,-,-,-,-,-,Cadets,Men,KURALOV Yerkanat,KAZ,4.0,142,Sabre,2009
4,-,-,-,-,-,-,-,-,-,-,-,Cadets,Men,BAYRAM barlas,TUR,4.0,143,Sabre,2010
0,-,-,-,-,-,0,3,-,-,0,-,Cadets,Men,ALANAZI ABDULSALAM,KSA,3.0,144,Sabre,2008
-,-,-,-,-,-,-,3,-,0,0,-,Cadets,Men,DOGAN arda,TUR,3.0,145,Sabre,2008
-,3,-,-,-,-,-,-,-,-,0,-,Cadets,Men,BIRSAN Andrei David,ROU,3.0,146,Sabre,2009
-,-,-,-,-,-,-,-,-,3,-,-,Cadets,Men,AUW Ashton Sen Hon,SGP,3.0,147,Sabre,2009
-,-,-,-,-,-,0,-,-,-,-,3,Cadets,Men,TALLARICO Tommaso,ITA,3.0,148,Sabre,2009
-,-,-,-,-,-,3,-,-,-,-,-,Cadets,Men,MAESTRI Riccardo,ITA,3.0,149,Sabre,2008
-,3,-,-,-,-,0,-,-,0,-,-,Cadets,Men,VELICU Mihnea,ROU,3.0,150,Sabre,2009
-,-,-,-,-,-,-,3,-,-,-,-,Cadets,Men,OCEK alp deniz,TUR,3.0,151,Sabre,2009
-,-,-,-,-,-,3,-,-,-,-,-,Cadets,Men,MOLNAR Milan,HUN,3.0,152,Sabre,2009
-,-,-,-,-,-,-,-,-,0,-,3,Cadets,Men,GARCIA FERNANDEZ Leon,ESP,3.0,153,Sabre,2008
-,-,-,-,-,-,0,-,-,-,-,3,Cadets,Men,SZEREDY Huba,HUN,3.0,154,Sabre,2008
-,3,-,-,-,-,-,-,-,0,-,-,Cadets,Men,KOUMPAROS Michail,GRE,3.0,155,Sabre,2009
-,3,-,-,-,-,0,-,-,0,-,-,Cadets,Men,MUNTEANU Mihnea,ROU,3.0,156,Sabre,2009
-,-,-,-,-,-,3,-,-,-,-,-,Cadets,Men,KORZENIOWSKI Mikolaj,POL,3.0,157,Sabre,2008
-,-,-,-,-,-,-,3,-,-,-,-,Cadets,Men,BRISSON-TURGNE Tehen,FRA,3.0,157,Sabre,2010
-,3,-,-,-,-,-,-,-,-,-,-,Cadets,Men,PAYAN GASTON,FRA,3.0,157,Sabre,2008
-,3,-,-,-,-,0,-,-,0,0,-,Cadets,Men,CAPATINA Sebastian,ROU,3.0,160,Sabre,2008
-,3,-,-,-,-,-,-,-,-,0,-,Cadets,Men,ANYFANTIS Christos,GRE,3.0,161,Sabre,2008
-,3,0,-,-,-,-,-,-,-,-,-,Cadets,Men,WHITE John,GBR,3.0,162,Sabre,2008
-,-,-,-,-,-,-,3,-,-,-,-,Cadets,Men,ALIMOV Saidibrokhim Saidagzamovich,UZB,3.0,163,Sabre,2010
-,3,-,-,-,-,-,-,-,-,-,-,Cadets,Men,ROWELLE Charles,GBR,3.0,163,Sabre,2008
-,3,-,-,-,-,-,0,-,0,-,-,Cadets,Men,STEFANOV Todor,BUL,3.0,165,Sabre,2009
-,0,-,-,-,-,(0),3,-,(0),0,0,Cadets,Men,GREENE Alexander,GBR,3.0,166,Sabre,2009
-,-,-,-,-,-,0,-,-,-,3,-,Cadets,Men,FARSANG Lorant,HUN,3.0,167,Sabre,2010
-,-,-,-,-,-,-,3,-,-,-,-,Cadets,Men,OZBEY Ozan,TUR,3.0,168,Sabre,2008
-,3,-,-,-,-,-,-,-,0,-,-,Cadets,Men,KARAGKIOZOPOULOS Thomas,GRE,3.0,169,Sabre,2008
-,0,-,-,-,-,0,-,-,3,0,-,Cadets,Men,VINTILA Eduard Florin,ROU,3.0,170,Sabre,2009
-,-,-,-,-,-,0,-,-,0,-,3,Cadets,Men,SUAREZ ZAS Gabriel Ricardo,ESP,3.0,171,Sabre,2009
-,-,-,-,-,-,3,-,-,-,-,-,Cadets,Men,BANHAZI Bulcsu,HUN,3.0,172,Sabre,2009
-,-,-,-,-,-,-,-,-,-,-,3,Cadets,Men,VERDE ALONSO Manuel,ESP,3.0,173,Sabre,2009
-,0,-,-,-,-,-,0,-,3,-,-,Cadets,Men,NTIVIS Angelos,GRE,3.0,174,Sabre,2009
-,3,-,-,-,-,0,-,-,0,-,-,Cadets,Men,SURCEL Stefan,ROU,3.0,175,Sabre,2010
-,3,-,-,-,-,0,-,-,0,-,-,Cadets,Men,RADEV Maxim,BUL,3.0,176,Sabre,2009
-,0,-,-,-,-,-,0,-,3,-,-,Cadets,Men,BOULTADAKIS Emmanouil Marios,GRE,3.0,177,Sabre,2009
-,3,-,-,-,-,-,-,-,-,-,-,Cadets,Men,ENE Alexander,ROU,3.0,178,Sabre,2011
-,-,-,-,-,-,-,-,-,-,-,3,Cadets,Men,KOKUBO Yui,JPN,3.0,179,Sabre,2009
-,-,-,-,-,-,0,-,-,0,0,3,Cadets,Men,SPIELBERG Severin,GER,3.0,180,Sabre,2009
-,3,-,-,-,-,-,-,-,-,-,-,Cadets,Men,CRICA Vlad,ROU,3.0,181,Sabre,2010
-,3,-,-,-,-,-,0,-,0,-,-,Cadets,Men,ANDREEV Preslav,BUL,3.0,182,Sabre,2009
-,3,-,-,-,-,-,-,-,-,-,-,Cadets,Men,TONCU Vlad,ROU,3.0,183,Sabre,2010
-,-,-,-,-,-,-,-,-,-,3,0,Cadets,Men,SPINELLI Pier Francesco,ITA,3.0,184,Sabre,2009
-,-,-,-,-,-,3,-,-,-,0,0,Cadets,Men,SCHALL Patrick,GER,3.0,185,Sabre,2009
-,-,-,-,-,-,-,-,-,-,0,3,Cadets,Men,WITTOUCK Corto,BEL,3.0,186,Sabre,2008
-,-,-,-,-,-,0,-,-,3,0,-,Cadets,Men,RAZPOTNIK SIMENC Azbe,SLO,3.0,187,Sabre,2008
-,-,-,-,-,-,-,-,-,-,3,-,Cadets,Men,KANTE Almamy,GER,3.0,188,Sabre,2008
-,-,-,-,-,-,-,-,-,-,0,3,Cadets,Men,LIU Dominic,GER,3.0,189,Sabre,2009
-,-,-,-,-,-,3,-,-,-,-,-,Cadets,Men,TREPANT Hugo,FRA,3.0,190,Sabre,2008
-,-,-,-,-,-,3,-,-,0,0,0,Cadets,Men,SCHIFFER Matti,GER,3.0,191,Sabre,2009
-,-,-,-,-,-,-,-,-,-,3,0,Cadets,Men,SIROU ANTOINE,FRA,3.0,192,Sabre,2008
-,-,-,-,-,-,-,-,-,3,0,0,Cadets,Men,LANZMICH Oskar,GER,3.0,193,Sabre,2008
-,-,25,-,-,-,-,-,-,-,-,0,Cadets,Men,JAMSIN Jorian,BEL,3.0,194,Sabre,2008
-,-,25,-,-,-,-,-,-,0,-,0,Cadets,Men,SILVESTRE Ethan,SUI,3.0,195,Sabre,2008
-,-,25,-,-,-,-,-,-,-,-,-,Cadets,Men,VENCLIK Jan,CZE,3.0,196,Sabre,2008
-,-,25,-,-,-,0,-,-,-,0,-,Cadets,Men,LIU Justin,GER,3.0,197,Sabre,2010
-,-,25,0,-,-,0,-,-,-,-,-,Cadets,Men,MACHAJ Jiri,CZE,3.0,198,Sabre,2009
-,-,25,-,-,-,0,-,-,0,0,-,Cadets,Men,RATAJ Tomasz,POL,3.0,199,Sabre,2009
-,-,25,-,-,-,0,-,-,-,-,-,Cadets,Men,MIODUSZEWSKI Szymon,POL,3.0,200,Sabre,2009
-,0,25,-,-,-,0,-,-,0,-,-,Cadets,Men,DEMBOVSKYI Andrii,UKR,3.0,201,Sabre,2010
-,-,25,-,-,-,-,-,-,0,-,-,Cadets,Men,HORDIIUK Nazar,UKR,3.0,202,Sabre,2009
-,0,25,-,-,-,-,-,-,-,-,-,Cadets,Men,KAPITANOV Dmytro,UKR,3.0,203,Sabre,2010
-,-,25,-,-,-,-,-,-,0,-,0,Cadets,Men,PRAIZOVIC Vukasin,SRB,3.0,204,Sabre,2009
0,-,-,-,-,-,-,-,-,-,-,-,Cadets,Men,MAMMADLI GARAY,AZE,0.0,205,Sabre,2010
0,-,-,-,-,-,-,-,-,-,-,-,Cadets,Men,ALOTAISHAN TAMIM,KSA,0.0,206,Sabre,2011
0,-,-,-,-,-,-,0,-,-,-,-,Cadets,Men,ALMTIRI HUSSAM,KSA,0.0,207,Sabre,2009
0,-,-,-,-,-,-,-,-,-,-,-,Cadets,Men,ONIANI GABRIEL,GEO,0.0,208,Sabre,2010
0,-,-,-,-,-,-,-,-,-,-,-,Cadets,Men,JIKIA DEMURI,GEO,0.0,208,Sabre,2011
0,-,-,-,-,-,-,0,-,-,-,-,Cadets,Men,OZERDEM can,TUR,0.0,210,Sabre,2010
-,-,-,0,-,-,-,-,-,-,-,-,Cadets,Men,BAR ON YONATAN,ISR,0.0,211,Sabre,2009
-,-,-,0,-,-,-,-,-,-,-,-,Cadets,Men,LIMA Jose,POR,0.0,212,Sabre,2008
-,-,-,0,-,-,-,-,-,0,0,0,Cadets,Men,NORSK Frederik Dahl,DEN,0.0,213,Sabre,2009
-,-,0,-,-,-,-,-,-,-,-,-,Cadets,Men,PALMOWSKI Blazej,POL,0.0,214,Sabre,2009
-,-,0,-,-,-,-,-,-,-,-,-,Cadets,Men,LYSENKO Yehor,UKR,0.0,215,Sabre,2010
-,-,0,-,-,-,-,-,-,-,-,-,Cadets,Men,MATIKKE Matthew,GER,0.0,216,Sabre,2010
-,0,0,-,-,-,-,-,-,0,-,-,Cadets,Men,YUZYK IVAN,UKR,0.0,217,Sabre,2010
-,-,0,-,-,-,-,-,-,0,-,-,Cadets,Men,GLISIC Nemanja,SRB,0.0,218,Sabre,2008
-,-,0,-,-,-,-,-,-,-,-,-,Cadets,Men,HORAK Andrej Vit,CZE,0.0,219,Sabre,2010
-,-,0,-,-,-,-,-,-,-,-,-,Cadets,Men,HABENICHT Luz,GBR,0.0,220,Sabre,2009
-,-,0,-,-,-,-,-,-,-,-,-,Cadets,Men,BULA Lukas,CZE,0.0,221,Sabre,2011
-,-,0,-,-,-,-,-,-,-,-,-,Cadets,Men,SEDLAR Michal,CZE,0.0,222,Sabre,2009
-,-,0,-,-,-,-,-,-,-,-,-,Cadets,Men,JERABEK Vitezslav,CZE,0.0,222,Sabre,2009
-,-,-,-,-,-,-,0,-,0,-,-,Cadets,Men,SOLIANO Cameron Alexander Tan,SGP,0.0,224,Sabre,2010
-,-,0,-,-,-,-,-,-,0,-,-,Cadets,Men,FAIFURA Orest,UKR,0.0,225,Sabre,2008
-,-,0,-,-,-,-,-,-,-,-,-,Cadets,Men,RYTINA Vaclav,CZE,0.0,226,Sabre,2009
-,0,-,-,-,-,0,0,-,0,-,-,Cadets,Men,AVRAMIDIS Aristotelis,GRE,0.0,227,Sabre,2008
-,-,-,-,-,-,-,0,-,-,-,-,Cadets,Men,KAVZAN toprak,TUR,0.0,228,Sabre,2009
-,-,-,-,-,-,0,0,-,0,-,-,Cadets,Men,VALEV Veselin,BUL,0.0,229,Sabre,2009
-,-,-,-,-,-,-,0,-,-,-,-,Cadets,Men,ERGUL Yigit Kagan,TUR,0.0,230,Sabre,2008
-,-,-,-,-,-,-,0,-,-,-,-,Cadets,Men,ISLAMZADA AYKHAN,AZE,0.0,231,Sabre,2009
-,-,-,-,-,-,-,0,-,-,-,-,Cadets,Men,ALJOHANI NAWAF,KSA,0.0,232,Sabre,2010
-,-,-,-,-,-,-,0,-,-,-,-,Cadets,Men,GOKDEMIR tuna,TUR,0.0,233,Sabre,2010
-,0,-,-,-,-,-,-,-,-,-,-,Cadets,Men,IONESCU Andrei,ROU,0.0,234,Sabre,2009
-,-,-,-,-,-,-,0,-,-,0,-,Cadets,Men,NG Luke,SGP,0.0,235,Sabre,2009
-,0,-,-,-,-,-,-,-,-,-,-,Cadets,Men,LEARNER Henry,GBR,0.0,236,Sabre,2009
-,-,-,-,-,-,-,0,-,-,-,-,Cadets,Men,SAMSA deniz osman,TUR,0.0,237,Sabre,2011
-,-,-,-,-,-,-,0,-,-,-,-,Cadets,Men,ILGAR emre,TUR,0.0,238,Sabre,2010
-,-,-,-,-,-,-,0,-,0,0,-,Cadets,Men,NG Roy,SGP,0.0,239,Sabre,2008
-,-,-,-,-,-,-,0,-,-,-,-,Cadets,Men,YOLDAS timur deniz,TUR,0.0,240,Sabre,2010
-,-,-,-,-,-,-,0,-,-,-,-,Cadets,Men,OZKAN mehmet doruk,TUR,0.0,240,Sabre,2011
-,0,-,-,-,-,-,-,-,0,-,-,Cadets,Men,MPOURVANIS Antonios,GRE,0.0,242,Sabre,2009
-,-,-,-,-,-,-,0,-,-,0,-,Cadets,Men,TAN Gilbert Hong Hao,SGP,0.0,243,Sabre,2010
-,-,-,-,-,-,-,0,-,-,-,-,Cadets,Men,OZKUTUKCU Yaman,TUR,0.0,244,Sabre,2009
-,-,-,-,-,-,-,0,-,-,-,-,Cadets,Men,KARSLI muhammed fatih,TUR,0.0,245,Sabre,2011
-,0,-,-,-,-,-,-,-,-,-,-,Cadets,Men,ALBU Serban,ROU,0.0,246,Sabre,2008
-,0,-,-,-,-,-,-,-,-,0,-,Cadets,Men,SEELMANN Friedrich,GER,0.0,247,Sabre,2009
-,0,-,-,-,-,-,-,-,0,-,-,Cadets,Men,CHATZIS Zois Georgios,GRE,0.0,248,Sabre,2008
-,0,-,-,-,-,-,-,-,-,-,-,Cadets,Men,DANILA Felix,ROU,0.0,249,Sabre,2009
-,0,-,-,-,-,0,-,-,0,-,-,Cadets,Men,GIAKOUSTIDIS Efthymios,GRE,0.0,250,Sabre,2008
-,0,-,-,-,-,-,-,-,-,-,-,Cadets,Men,VERZEA Victor,ITA,0.0,251,Sabre,2008
-,0,-,-,-,-,0,-,-,-,-,-,Cadets,Men,PANDELESCU Tiberiu,ROU,0.0,252,Sabre,2009
-,-,-,-,-,-,0,-,-,0,-,0,Cadets,Men,PRIETO DIEZ Eric,ESP,0.0,253,Sabre,2009
-,0,-,-,-,-,-,-,-,-,-,-,Cadets,Men,SOMOIOG Madalin,ROU,0.0,254,Sabre,2008
-,0,-,-,-,-,-,-,-,-,-,-,Cadets,Men,AIVAZIS Filippos,GRE,0.0,254,Sabre,2008
-,-,-,-,-,-,-,-,-,0,0,-,Cadets,Men,THIEL Philipp,GER,0.0,256,Sabre,2009
-,-,-,-,-,-,-,-,-,0,0,0,Cadets,Men,RODRIGUEZ BASTIANI Milan,ESP,0.0,257,Sabre,2008
-,0,-,-,-,-,-,-,-,0,-,-,Cadets,Men,GRECU Luca Stefan,ROU,0.0,258,Sabre,2009
-,-,-,-,-,-,-,-,-,-,0,-,Cadets,Men,POUHAER Esteban,FRA,0.0,259,Sabre,2008
-,-,-,-,-,-,0,-,-,-,0,0,Cadets,Men,HREINSSON Ymir Darri,ISL,0.0,260,Sabre,2008
-,0,-,-,-,-,-,-,-,-,-,-,Cadets,Men,TOADER Matei,ROU,0.0,261,Sabre,2010
-,-,-,-,-,-,0,-,-,0,-,0,Cadets,Men,ZUBELDIA RODRIGUEZ Inigo,ESP,0.0,262,Sabre,2009
-,-,-,-,-,-,0,-,-,-,0,0,Cadets,Men,SERINO Mattia,SUI,0.0,263,Sabre,2009
-,-,-,-,-,-,0,-,-,-,-,-,Cadets,Men,BODI Ignac Gedeon,HUN,0.0,264,Sabre,2008
-,0,-,-,-,-,-,-,-,-,-,-,Cadets,Men,TOMAC Nichita,ROU,0.0,264,Sabre,2012
-,0,-,-,-,-,-,-,-,-,-,-,Cadets,Men,DUMITRELEA Alexandru,ROU,0.0,266,Sabre,2008
-,-,-,-,-,-,0,-,-,-,0,0,Cadets,Men,STEINBERG Jesko,GER,0.0,267,Sabre,2009
-,0,-,-,-,-,-,-,-,-,-,-,Cadets,Men,HELCIOIU Vladimir,ROU,0.0,268,Sabre,2009
-,-,-,-,-,-,0,-,-,0,0,-,Cadets,Men,VAN LIER Arthur,BEL,0.0,269,Sabre,2008
-,-,-,-,-,-,-,-,-,-,-,0,Cadets,Men,VAN GENT CASTANO Eric,ESP,0.0,270,Sabre,2009
-,-,-,-,-,-,-,-,-,0,-,-,Cadets,Men,BELOS Maximos Panagiotis,GRE,0.0,271,Sabre,2008
-,-,-,-,-,-,-,-,-,-,-,0,Cadets,Men,GARCIA DE LA PUENTE Hugo Bernardo,ESP,0.0,271,Sabre,2008
-,-,-,-,-,-,0,-,-,-,-,-,Cadets,Men,BANDER Laszlo,HUN,0.0,273,Sabre,2008
-,-,-,-,-,-,-,-,-,-,-,0,Cadets,Men,GETTEMANS Jef,BEL,0.0,273,Sabre,2009
-,-,-,-,-,-,0,-,-,0,0,0,Cadets,Men,PERESZLENYI Tamas,HUN,0.0,275,Sabre,2008
-,-,-,-,-,-,-,-,-,-,0,-,Cadets,Men,MUNTEANU Rares,ROU,0.0,276,Sabre,2008
-,-,-,-,-,-,-,-,-,-,-,0,Cadets,Men,LLORENTE LOPEZ Ignacio,ESP,0.0,276,Sabre,2008
-,-,-,-,-,-,-,-,-,0,-,-,Cadets,Men,PAPADOPOULOS Michail,GRE,0.0,278,Sabre,2008
-,-,-,-,-,-,-,-,-,-,0,0,Cadets,Men,VAN INGELGEM Cyriel,BEL,0.0,279,Sabre,2008
-,-,-,-,-,-,-,-,-,-,-,0,Cadets,Men,SANCHEZ BOIX Bruno,ESP,0.0,280,Sabre,2008
-,-,-,-,-,-,0,-,-,0,-,-,Cadets,Men,IVANOV Konstantin,BUL,0.0,281,Sabre,2009
-,-,-,-,-,-,-,-,-,-,-,0,Cadets,Men,SANCHEZ CASALS Janot,ESP,0.0,282,Sabre,2009
-,-,-,-,-,-,-,-,-,-,-,0,Cadets,Men,LUJAN TORRES Leo,ESP,0.0,282,Sabre,2009
-,-,-,-,-,-,0,-,-,-,-,-,Cadets,Men,CIRKOS Sebestyen,HUN,0.0,284,Sabre,2009
-,-,-,-,-,-,0,-,-,-,-,-,Cadets,Men,GYORKE Marton,HUN,0.0,285,Sabre,2009
-,-,-,-,-,-,-,-,-,-,-,0,Cadets,Men,ESNAL HUEGUN Eki,ESP,0.0,285,Sabre,2008
-,-,-,-,-,-,0,-,-,-,-,-,Cadets,Men,FJODOROV Klim,EST,0.0,287,Sabre,2009
-,-,-,-,-,-,-,-,-,-,-,0,Cadets,Men,LLORET LACOMBA Etienne,ESP,0.0,287,Sabre,2009
-,-,-,-,-,-,-,-,-,0,0,0,Cadets,Men,TAN Jacob Jae Kijb,SGP,0.0,289,Sabre,2010
-,-,-,-,-,-,0,-,-,-,-,-,Cadets,Men,HORVATH Hunor,HUN,0.0,290,Sabre,2009
-,-,-,-,-,-,0,-,-,-,-,-,Cadets,Men,FODOR Bendeguz,HUN,0.0,291,Sabre,2009
-,-,-,-,-,-,-,-,-,0,0,-,Cadets,Men,THIEL Alexander,GER,0.0,292,Sabre,2009
-,-,-,-,-,-,0,-,-,-,-,-,Cadets,Men,LATHAM GASPAR,CHI,0.0,293,Sabre,2008
-,-,-,-,-,-,-,-,-,0,-,-,Cadets,Men,ROKAS Konstantinos,GRE,0.0,294,Sabre,2009
-,-,-,-,-,-,0,-,-,-,-,-,Cadets,Men,KOSZTA-AJVASZ Imre,HUN,0.0,295,Sabre,2009
-,-,-,-,-,-,-,-,-,-,-,0,Cadets,Men,MARTI LOZANO Nacho,ESP,0.0,295,Sabre,2010
-,-,-,-,-,-,-,-,-,0,-,-,Cadets,Men,FLOREZ DE VARGAS Alejandro,ESP,0.0,297,Sabre,2010
-,-,-,-,-,-,-,-,-,-,-,0,Cadets,Men,MATTHIASSON Magnus,ISL,0.0,297,Sabre,2009
-,-,-,-,-,-,-,-,-,-,-,0,Cadets,Men,RAMIREZ MURCIANO Aitor,ESP,0.0,299,Sabre,2008
-,-,-,-,-,-,0,-,-,-,-,-,Cadets,Men,SZEPESI Vince,HUN,0.0,300,Sabre,2008
-,-,-,-,-,-,-,-,-,0,-,-,Cadets,Men,DI PAOLO Luca,ITA,0.0,300,Sabre,2008
-,-,-,-,-,-,-,-,-,0,-,0,Cadets,Men,MARTOS MENA Javier,ESP,0.0,302,Sabre,2010
-,-,-,-,-,-,-,-,-,-,-,0,Cadets,Men,KUMAR Vikram,AUS,0.0,303,Sabre,2008
-,-,-,-,-,-,-,-,-,-,-,0,Cadets,Men,BARBERAN MORENO Nico,ESP,0.0,303,Sabre,2009
-,-,-,-,-,-,0,-,-,-,0,-,Cadets,Men,ALOBAID FAYADH,KSA,0.0,305,Sabre,2008
-,-,-,-,-,-,-,-,-,-,-,0,Cadets,Men,VICENTE ROVIRA Biel,ESP,0.0,306,Sabre,2009
-,-,-,-,-,-,-,-,-,-,-,0,Cadets,Men,CHUPRYNA Tymur,UKR,0.0,306,Sabre,2009
-,-,-,-,-,-,-,-,-,-,0,-,Cadets,Men,SIMONS Gereon,GER,0.0,308,Sabre,2009
-,-,-,-,-,-,-,-,-,0,-,-,Cadets,Men,KARAMITSOS Christos,GRE,0.0,309,Sabre,2009
-,-,-,-,-,-,0,-,-,-,-,-,Cadets,Men,PETHO Oliver,HUN,0.0,310,Sabre,2009
-,-,-,-,-,-,0,-,-,-,-,-,Cadets,Men,PAVEL Zsombor,HUN,0.0,311,Sabre,2008
-,-,-,-,-,-,0,-,-,-,0,-,Cadets,Men,HAGER Ingmar,AUT,0.0,312,Sabre,2008
-,-,-,-,-,-,0,-,-,-,0,-,Cadets,Men,KRYCH Alan,POL,0.0,313,Sabre,2008
-,-,-,-,-,-,-,-,-,-,0,-,Cadets,Men,DONG Anton,GER,0.0,314,Sabre,2008
-,-,-,-,-,-,0,-,-,0,0,-,Cadets,Men,ZORE Tilen,SLO,0.0,315,Sabre,2009
-,-,-,-,-,-,0,-,-,-,0,-,Cadets,Men,MOHSLER Jakob,GER,0.0,316,Sabre,2008
-,-,-,-,-,-,0,-,-,0,-,-,Cadets,Men,MARGINEAN Vlad Luca,ROU,0.0,317,Sabre,2009
-,-,-,-,-,-,-,-,-,-,0,-,Cadets,Men,SA Kai XI,GER,0.0,318,Sabre,2010
-,-,-,-,-,-,-,-,-,-,0,-,Cadets,Men,GUGGENBICHLER Vincent,GER,0.0,319,Sabre,2008
-,-,-,-,-,-,-,-,-,-,0,-,Cadets,Men,BRUZIK Roch,POL,0.0,320,Sabre,2009
-,-,-,-,-,-,0,-,-,-,-,-,Cadets,Men,ALEBRI HAZZA,UAE,0.0,321,Sabre,2009
-,-,-,-,-,-,0,-,-,-,-,-,Cadets,Men,SZEKULESZ Marton,HUN,0.0,322,Sabre,2008
-,-,-,-,-,-,0,-,-,-,-,-,Cadets,Men,PSZOTA Akos,HUN,0.0,323,Sabre,2008
-,-,-,-,-,-,-,-,-,0,-,-,Cadets,Men,BONEV Alex,BUL,0.0,324,Sabre,2009
-,-,-,-,-,-,-,-,-,0,-,-,Cadets,Men,KIRKOV Nikola,BUL,0.0,325,Sabre,2009
-,-,-,-,-,-,-,-,-,0,-,-,Cadets,Men,RODRIGUEZ CASTILLO Manuel,ESP,0.0,325,Sabre,2010
-,-,-,-,-,-,-,-,-,0,-,-,Cadets,Men,BUENO FALCON Rodrigo Zheng,ESP,0.0,327,Sabre,2010
-,-,-,-,-,-,0,-,-,-,-,-,Cadets,Men,PROSITS Denes,HUN,0.0,327,Sabre,2009
-,-,-,-,-,-,-,-,-,0,-,-,Cadets,Men,BONEV Toma,BUL,0.0,327,Sabre,2009
-,-,-,-,-,-,-,-,-,-,0,-,Cadets,Men,ELLEBRECHT Jona,GER,0.0,330,Sabre,2008
-,-,-,-,-,-,-,-,-,0,-,-,Cadets,Men,CHAPKANOV Boris,BUL,0.0,331,Sabre,2010
-,-,-,-,-,-,-,-,-,-,0,-,Cadets,Men,BOSMANS Mael,BEL,0.0,332,Sabre,2009
-,-,-,-,-,-,-,-,-,0,-,-,Cadets,Men,APOSTOLOV Georgi,BUL,0.0,333,Sabre,2008
-,-,-,-,-,-,-,-,-,-,0,-,Cadets,Men,BRAMMER Tristan,GER,0.0,334,Sabre,2008
-,-,-,-,-,-,-,-,-,-,0,-,Cadets,Men,FALK Milo,GER,0.0,335,Sabre,2011
-,-,-,-,-,-,0,-,-,-,-,-,Cadets,Men,KOMLOSI Milan,HUN,0.0,336,Sabre,2008
-,-,-,-,-,-,0,-,-,-,-,-,Cadets,Men,KORINEK - VEGH Marcell,HUN,0.0,337,Sabre,2009
-,-,-,-,-,-,0,-,-,-,-,-,Cadets,Men,ZUBKO Dominik,POL,0.0,338,Sabre,2010
-,-,-,-,-,-,0,-,-,-,-,-,Cadets,Men,MIKLUSICSAK Mate,HUN,0.0,339,Sabre,2008
-,-,-,-,-,-,0,-,-,-,-,-,Cadets,Men,VOITKO Lev,UKR,0.0,339,Sabre,2011
-,-,-,-,-,-,0,-,-,-,-,-,Cadets,Men,DENES Benedek,HUN,0.0,341,Sabre,2008
-,-,-,-,-,-,0,-,-,-,-,-,Cadets,Men,ALKINDI ABDULLA,UAE,0.0,342,Sabre,2009
-,-,-,-,-,-,0,-,-,-,-,-,Cadets,Men,ROBERTS Harry,GBR,0.0,343,Sabre,2009
-,-,-,-,-,-,0,-,-,-,-,-,Cadets,Men,KISBAN Lukacs Peter,HUN,0.0,344,Sabre,2009
-,-,-,-,-,-,0,-,-,-,-,-,Cadets,Men,KELLNER - NAGY Adam,HUN,0.0,345,Sabre,2009
-,-,-,-,-,-,0,-,-,-,-,-,Cadets,Men,GYURCSIK Aron,HUN,0.0,346,Sabre,2008
-,-,-,-,-,-,-,-,-,-,-,-,Cadets,Men,TOMAC Stefan,ROU,0.0,347,Sabre,2010
-,-,-,-,-,-,-,-,-,-,-,-,Cadets,Men,ATANASIU Stefan,ROU,0.0,347,Sabre,2011
-,-,-,-,-,-,-,-,-,-,-,-,Cadets,Men,TUGUI Alexandru Mihai,ROU,0.0,347,Sabre,2013
-,-,-,-,-,-,-,-,-,-,-,-,Cadets,Men,SARAU Gabriel Ionut,ROU,0.0,347,Sabre,2012
-,-,-,-,-,-,-,-,-,-,-,-,Cadets,Men,LUPU Mihai Constantin,ROU,0.0,347,Sabre,2011
-,-,-,-,-,-,-,-,-,-,-,-,Cadets,Men,MIHAI Ionut Iulian,ROU,0.0,347,Sabre,2011
-,-,-,-,-,-,-,-,-,-,-,-,Cadets,Men,BUNGHEZ Matei,ROU,0.0,347,Sabre,2012
-,-,-,-,-,-,-,-,-,-,-,-,Cadets,Men,IONESCU Victor,ROU,0.0,347,Sabre,2012
-,-,-,-,-,-,-,-,-,-,-,-,Cadets,Men,PAUN Alexandru,ROU,0.0,347,Sabre,2011
-,-,-,-,-,-,-,-,-,-,-,-,Cadets,Men,IONESCU Sebastian,ROU,0.0,347,Sabre,2011
-,-,-,-,-,-,-,-,-,-,-,-,Cadets,Men,RUSU Stefan,ROU,0.0,347,Sabre,2011
-,-,-,-,-,-,-,-,-,-,-,-,Cadets,Men,VIERU Vlad,ROU,0.0,347,Sabre,2012
-,-,-,-,-,-,-,-,-,-,-,-,Cadets,Men,STANICA Andrei,ROU,0.0,347,Sabre,2012
-,-,-,-,-,-,-,-,-,-,-,-,Cadets,Men,ANTON Filip,ROU,0.0,347,Sabre,2013
-,-,-,-,-,-,-,-,-,-,-,-,Cadets,Men,BREZULEANU Mihnea,ROU,0.0,347,Sabre,2013
-,-,-,-,-,-,-,-,-,-,-,-,Cadets,Men,MIHAILESCU Casian,ROU,0.0,347,Sabre,2013
-,-,-,-,-,-,-,-,-,-,-,-,Cadets,Men,CRETU Darius,ROU,0.0,347,Sabre,2011
-,-,-,-,-,-,-,-,-,-,-,-,Cadets,Men,ZAIT Matei,ROU,0.0,347,Sabre,2010
-,-,-,-,-,-,-,-,-,-,-,-,Cadets,Men,DANGA Stefan,ROU,0.0,347,Sabre,2010
-,-,-,-,-,-,-,-,-,-,-,-,Cadets,Men,APOSTU Filip,ROU,0.0,347,Sabre,2011
-,-,-,-,-,-,-,-,-,-,-,-,Cadets,Men,LAPUSNEANU Rares,ROU,0.0,347,Sabre,2011
-,-,-,-,-,-,-,-,-,-,-,-,Cadets,Men,ASAVOAIE Luca,ROU,0.0,347,Sabre,2013
-,-,-,-,-,-,-,-,-,-,-,-,Cadets,Men,BOACA Matei,ROU,0.0,347,Sabre,2010
-,-,-,-,-,-,-,-,-,-,-,-,Cadets,Men,BUCUR GROSU Dimitrie,ROU,0.0,347,Sabre,2010
-,-,-,80,-,-,42,-,-,-,96,96,Cadets,Women,MOCCI Vittoria,ITA,314.0,1,Sabre,2009
32,65,(10),35,-,-,42,-,(20),24,(24),-,Cadets,Women,KOUROUSI Anna Kalliopi,GRE,198.0,2,Sabre,2008
-,10,-,20,-,-,(6),-,35,(6),42,60,Cadets,Women,SEZILLE Hui Xin,GBR,167.0,3,Sabre,2009
-,(20),-,20,-,-,24,-,35,24,(6),60,Cadets,Women,SUTTON Maya,GBR,163.0,4,Sabre,2008
-,-,-,20,-,-,12,-,-,42,6,78,Cadets,Women,RACZ Brigitta,HUN,158.0,5,Sabre,2009
8,-,-,20,-,-,3,-,50,60,(3),-,Cadets,Women,DUVAN Deniz,TUR,141.0,6,Sabre,2008
-,35,-,35,-,-,6,-,-,42,-,-,Cadets,Women,COVALIU Amalia,ROU,118.0,7,Sabre,2008
-,20,-,10,-,-,12,-,-,-,60,3,Cadets,Women,WULLUS Carmen,FRA,105.0,8,Sabre,2008
-,-,35,10,-,-,3,-,-,6,(0),42,Cadets,Women,WEILAND Mia,GER,96.0,9,Sabre,2008
-,-,-,-,-,-,-,-,20,42,6,24,Cadets,Women,YANG Shuhan,SGP,92.0,10,Sabre,2011
-,-,-,-,-,-,-,-,-,78,6,-,Cadets,Women,XIAO Julie,CAN,84.0,11,Sabre,2008
-,-,-,50,-,-,3,-,-,-,24,6,Cadets,Women,LENTINI Francesca Romana,ITA,83.0,12,Sabre,2008
-,50,-,10,-,-,3,-,-,3,(0),12,Cadets,Women,SUVOROVA Anna,UKR,78.0,13,Sabre,2009
-,-,65,-,-,-,3,-,-,6,3,-,Cadets,Women,TSUI Natalie,USA,77.0,14,Sabre,2008
-,-,-,10,-,-,12,-,-,-,6,42,Cadets,Women,FUSETTI Diletta,ITA,70.0,15,Sabre,2009
-,20,-,5,-,-,(3),-,-,12,12,12,Cadets,Women,ONONAIYE Tosin,GBR,61.0,16,Sabre,2009
-,-,10,20,-,-,12,-,-,(3),12,6,Cadets,Women,HERBON Cisanne,GER,60.0,17,Sabre,2008
26,-,-,-,-,-,6,-,20,6,(6),-,Cadets,Women,GUNER Irem,TUR,58.0,18,Sabre,2008
8,-,-,-,-,-,12,-,35,3,(3),-,Cadets,Women,ARABACI Duru,TUR,58.0,19,Sabre,2008
-,20,10,10,-,-,(0),-,(5),6,(3),12,Cadets,Women,GADZHEVA Ralitsa,BUL,58.0,20,Sabre,2010
-,-,5,-,-,-,-,-,-,24,24,-,Cadets,Women,LIN Nicole,USA,53.0,21,Sabre,2008
-,35,-,5,-,-,-,-,-,-,6,6,Cadets,Women,CAYRE JULIETTE,FRA,52.0,22,Sabre,2008
4,-,-,10,-,-,24,-,10,3,(3),-,Cadets,Women,OZGONUL Duru Ayse,TUR,51.0,23,Sabre,2009
8,20,-,-,-,-,-,-,20,-,-,-,Cadets,Women,ZEINALOVA VALENTINA,AZE,48.0,24,Sabre,2008
20,25,10,10,-,-,-,-,5,-,-,-,Cadets,Women,AHMADOVA LEYLA,AZE,48.0,25,Sabre,2008
-,-,5,-,-,-,24,-,-,12,6,-,Cadets,Women,SO Catelyn,USA,47.0,26,Sabre,2008
4,10,5,5,-,-,-,-,20,-,-,-,Cadets,Women,SULTANLI Zuleykha,AZE,44.0,27,Sabre,2009
14,-,-,-,-,-,(3),-,20,3,3,-,Cadets,Women,OZTURK Ece,TUR,40.0,28,Sabre,2008
-,-,5,5,-,-,12,-,-,12,6,-,Cadets,Women,SIWEK Amelia,POL,40.0,29,Sabre,2008
-,-,-,-,-,-,12,-,-,12,6,6,Cadets,Women,IMRE Dora,HUN,36.0,30,Sabre,2008
-,-,35,-,-,-,-,-,-,-,-,-,Cadets,Women,ZHANG Xuanyi,USA,35.0,31,Sabre,2010
-,-,20,-,-,-,12,-,-,3,0,-,Cadets,Women,JEONG Katie,USA,35.0,32,Sabre,2008
-,10,-,-,-,-,6,-,-,-,6,12,Cadets,Women,DELANNOY Alix,FRA,34.0,33,Sabre,2008
14,-,-,-,-,-,(0),-,10,3,6,-,Cadets,Women,BAYRAK irem melek,TUR,33.0,34,Sabre,2009
-,-,-,-,-,-,12,-,-,12,6,3,Cadets,Women,BACSKAY Kincso,HUN,33.0,35,Sabre,2009
-,-,-,-,-,-,12,-,-,3,12,6,Cadets,Women,BIROCZI Nora Margit,HUN,33.0,36,Sabre,2009
-,-,-,-,-,-,3,-,-,12,3,12,Cadets,Women,TOTH-HORPACI Lili,HUN,30.0,37,Sabre,2008
-,20,-,-,-,-,-,-,-,-,6,3,Cadets,Women,MOLL LUCILLE,FRA,29.0,38,Sabre,2008
8,5,5,5,-,-,-,-,5,-,-,-,Cadets,Women,ABASOVA FARAH,AZE,28.0,39,Sabre,2008
-,10,-,-,-,-,6,-,-,6,6,-,Cadets,Women,CORLATESCU Sofia,ROU,28.0,40,Sabre,2009
-,-,-,-,-,-,-,-,-,-,3,24,Cadets,Women,KOVACS Adel,HUN,27.0,41,Sabre,2008
-,-,20,-,-,-,0,-,-,-,3,3,Cadets,Women,BIGAGLI Ginevra,ITA,26.0,42,Sabre,2009
14,-,-,-,-,-,-,-,10,-,-,-,Cadets,Women,ELUSTU Isil Betul,TUR,24.0,43,Sabre,2010
-,-,-,-,-,-,-,-,-,-,-,24,Cadets,Women,CHIARELLI Valentina,USA,24.0,44,Sabre,2010
-,-,-,-,-,-,6,-,-,-,6,12,Cadets,Women,DI MAURO Martina,ITA,24.0,45,Sabre,2008
-,-,-,-,-,-,12,-,-,3,3,6,Cadets,Women,VARGA Rebeka,HUN,24.0,46,Sabre,2009
-,-,-,-,-,-,3,-,20,-,-,-,Cadets,Women,BASKALAR ecrin duru,TUR,23.0,47,Sabre,2009
4,-,-,-,-,-,(3),-,10,6,3,-,Cadets,Women,KUREK berra,TUR,23.0,48,Sabre,2009
-,10,10,-,-,-,0,-,-,3,-,-,Cadets,Women,KOMISAROVA Anastasiia,UKR,23.0,49,Sabre,2008
-,"(2,5)",-,-,-,-,12,-,5,3,3,(3),Cadets,Women,SHIMMIN Clara,GBR,23.0,50,Sabre,2009
-,-,-,-,-,-,12,-,-,-,3,6,Cadets,Women,FUSETTI Vittoria,ITA,21.0,51,Sabre,2009
20,-,-,-,-,-,-,-,-,-,-,-,Cadets,Women,SENOGLU irmak,TUR,20.0,52,Sabre,2009
4,5,-,10,-,-,-,-,0,-,-,-,Cadets,Women,TSANAVA Anastasia,GEO,19.0,53,Sabre,2008
-,10,-,-,-,-,-,-,-,-,3,6,Cadets,Women,SAUSSINE Justine,FRA,19.0,54,Sabre,2009
-,-,10,-,-,-,6,-,-,3,-,-,Cadets,Women,MCKEE Brynnley,USA,19.0,55,Sabre,2008
-,10,-,-,-,-,0,-,-,-,3,6,Cadets,Women,COURT LUCIE,FRA,19.0,56,Sabre,2008
8,-,-,-,-,-,-,-,10,-,0,-,Cadets,Women,ORUNCAK Gul Ipek,TUR,18.0,57,Sabre,2008
-,-,-,-,-,-,0,-,-,3,3,12,Cadets,Women,HANTI Lili,HUN,18.0,58,Sabre,2009
-,-,-,-,-,-,6,-,-,3,3,6,Cadets,Women,VOYTOVA Viktoria,GER,18.0,59,Sabre,2010
-,5,"(2,5)",-,-,-,3,-,-,(3),3,6,Cadets,Women,AZIZ-PICARDET Eva,GBR,17.0,60,Sabre,2009
-,10,-,-,-,-,-,-,-,-,-,6,Cadets,Women,MAKLIN Sofia,USA,16.0,61,Sabre,2008
-,10,-,-,-,-,-,-,-,-,-,6,Cadets,Women,MEDVINSKY Alexandra,USA,16.0,62,Sabre,2008
-,-,10,-,-,-,-,-,-,-,6,-,Cadets,Women,HUAI Delilah,USA,16.0,63,Sabre,2009
-,-,25,-,-,-,-,-,10,-,-,3,Cadets,Women,KUZMENKO Taisiia,SWE,16.0,64,Sabre,2009
-,25,-,-,-,-,0,-,10,3,-,-,Cadets,Women,YANKOVA Teodora,BUL,16.0,65,Sabre,2010
-,-,-,-,-,-,6,-,-,-,3,6,Cadets,Women,MARTINELLI Sofia,ITA,15.0,66,Sabre,2008
-,-,-,-,-,-,3,-,-,3,3,6,Cadets,Women,HAACK Mirja-Lena,GER,15.0,67,Sabre,2009
14,-,-,-,-,-,-,-,0,-,-,-,Cadets,Women,YILDIRIM elif derin,TUR,14.0,68,Sabre,2010
-,-,5,-,-,-,(0),-,-,3,3,3,Cadets,Women,DINKEL Theresa,GER,14.0,69,Sabre,2009
-,-,-,-,-,-,-,-,5,-,3,6,Cadets,Women,WONG Nicki En Zhi,SGP,14.0,70,Sabre,2011
-,5,-,-,-,-,3,-,25,3,-,-,Cadets,Women,DOBREVA Nikoleta,BUL,14.0,71,Sabre,2009
8,-,-,-,-,-,-,-,5,-,-,-,Cadets,Women,BAYDIL irmak,TUR,13.0,72,Sabre,2010
8,-,-,-,-,-,-,-,5,-,-,-,Cadets,Women,YILDIZ mina,TUR,13.0,73,Sabre,2009
-,-,-,-,-,-,3,-,10,0,0,-,Cadets,Women,NEYCHEVA Diana,BUL,13.0,74,Sabre,2009
-,10,-,0,-,-,-,-,-,3,-,-,Cadets,Women,FOTIADI Danai Georgia,GRE,13.0,75,Sabre,2008
-,-,10,-,-,-,0,-,-,-,0,3,Cadets,Women,SU Ruoshui,GER,13.0,76,Sabre,2009
-,10,-,-,-,-,-,-,25,0,-,-,Cadets,Women,CHAUSHEVA Ekaterina,BUL,13.0,77,Sabre,2011
-,-,-,-,-,-,-,-,-,-,-,12,Cadets,Women,SASAKAWA Rika,JPN,12.0,78,Sabre,2009
-,-,-,-,-,-,-,-,-,-,-,12,Cadets,Women,NISHIYAMA Haruki,JPN,12.0,79,Sabre,2008
-,-,-,-,-,-,0,-,-,6,6,-,Cadets,Women,BOBES Eva,ROU,12.0,80,Sabre,2009
-,-,-,-,-,-,3,-,-,6,0,3,Cadets,Women,FELFOLDI Szonja,HUN,12.0,81,Sabre,2008
-,25,-,-,-,-,(0),-,(0),3,3,3,Cadets,Women,FEREDAY Emily,GBR,12.0,82,Sabre,2009
-,-,5,-,-,-,-,-,-,-,6,-,Cadets,Women,MUND Ruth,USA,11.0,83,Sabre,2008
-,5,-,0,-,-,6,-,-,-,-,-,Cadets,Women,VELYCHKO Maiia,UKR,11.0,84,Sabre,2009
-,-,5,-,-,-,6,-,-,-,0,-,Cadets,Women,EMMA Caterina,ITA,11.0,85,Sabre,2009
-,-,5,-,-,-,3,-,-,0,3,-,Cadets,Women,OSTROWSKA Amelia,POL,11.0,86,Sabre,2009
-,25,5,-,-,-,-,-,-,-,-,3,Cadets,Women,BARDAROVA Elia,BUL,11.0,87,Sabre,2008
-,25,5,-,-,-,(0),-,0,3,-,-,Cadets,Women,GEORGIEVA Mina,BUL,11.0,88,Sabre,2010
-,-,10,-,-,-,-,-,-,-,-,-,Cadets,Women,LAURI Keira,USA,10.0,89,Sabre,2008
-,10,-,-,-,-,-,-,-,-,-,-,Cadets,Women,HOGAS Sabina,ROU,10.0,90,Sabre,2010
-,-,-,-,-,-,-,-,10,-,-,-,Cadets,Women,CEVHEROGLU yagmur,TUR,10.0,90,Sabre,2010
-,5,-,5,-,-,-,-,-,0,-,-,Cadets,Women,TSOKAROPOULOU Chrysoula,GRE,10.0,92,Sabre,2009
4,-,-,-,-,-,0,-,5,-,-,-,Cadets,Women,OZOGUL alya nehir,TUR,9.0,93,Sabre,2010
4,-,-,-,-,-,-,-,5,-,-,-,Cadets,Women,SADIKHOVA JAHAN,AZE,9.0,94,Sabre,2010
4,-,-,-,-,-,(0),-,5,0,0,-,Cadets,Women,GUNDOGAN Hayat,TUR,9.0,95,Sabre,2009
-,-,-,-,-,-,-,-,-,-,3,6,Cadets,Women,ROSSETTI Ludovica,ITA,9.0,96,Sabre,2009
-,-,-,0,-,-,-,-,-,6,-,3,Cadets,Women,RUIZ BELATEGI June,ESP,9.0,97,Sabre,2008
-,-,0,-,-,-,-,-,-,6,0,3,Cadets,Women,FERENCZI Gitta,GER,9.0,98,Sabre,2008
-,-,-,-,-,-,-,-,-,-,3,6,Cadets,Women,RIZZELLO Camilla,ITA,9.0,99,Sabre,2008
-,-,-,-,-,-,0,-,-,3,3,3,Cadets,Women,HIGUERA LOPEZ Ines,ESP,9.0,100,Sabre,2009
-,-,-,-,-,-,3,-,-,0,3,3,Cadets,Women,CSIK Petra,HUN,9.0,101,Sabre,2009
-,-,-,-,-,-,3,-,-,-,3,3,Cadets,Women,CALVIATI Ilaria,ITA,9.0,102,Sabre,2008
-,25,-,-,-,-,0,-,-,6,0,-,Cadets,Women,PELIN Briana,ROU,9.0,103,Sabre,2008
-,25,-,-,-,-,0,-,-,3,(0),3,Cadets,Women,LIU Kathryn,GBR,9.0,104,Sabre,2008
-,25,-,-,-,-,-,-,-,-,3,3,Cadets,Women,TENAILLEAU CHARLOTTE,FRA,9.0,105,Sabre,2010
8,-,-,-,-,-,-,-,-,-,-,-,Cadets,Women,OCEK SELIN NAZ,TUR,8.0,106,Sabre,2008
-,5,-,-,-,-,0,-,-,3,0,-,Cadets,Women,SEZER Yasmin,ROU,8.0,107,Sabre,2008
-,5,-,-,-,-,0,-,-,3,-,-,Cadets,Women,MITRUS Andreea,ROU,8.0,108,Sabre,2008
-,-,5,-,-,-,0,-,-,0,(0),3,Cadets,Women,ALBERT Stella,GER,8.0,109,Sabre,2009
-,5,-,-,-,-,-,-,-,-,3,-,Cadets,Women,MIRON Daria,ROU,8.0,110,Sabre,2008
-,-,5,-,-,-,0,-,-,-,3,0,Cadets,Women,MIX Esther Marie,GER,8.0,111,Sabre,2008
-,-,5,-,-,-,(0),-,-,0,0,3,Cadets,Women,SCHLAFFER Dorothea,GER,8.0,112,Sabre,2008
-,-,5,-,-,-,0,-,-,-,-,3,Cadets,Women,MCDOUGALL Alicia,GBR,8.0,113,Sabre,2010
-,-,-,-,-,-,-,-,5,0,3,-,Cadets,Women,WU Evanna,SGP,8.0,114,Sabre,2010
-,25,-,5,-,-,0,-,-,0,0,-,Cadets,Women,ANTONOVA Maya,BUL,8.0,115,Sabre,2008
-,5,25,-,-,-,0,-,-,0,-,-,Cadets,Women,HORINA Vira,UKR,8.0,116,Sabre,2009
-,25,-,-,-,-,0,-,5,0,-,-,Cadets,Women,GENKOVA Desislava,BUL,8.0,117,Sabre,2009
-,5,-,-,-,-,(0),-,25,0,0,-,Cadets,Women,VLASEVA Iva,BUL,8.0,118,Sabre,2008
-,25,25,-,-,-,0,-,25,(0),-,-,Cadets,Women,NARLIYSKA Eva,BUL,8.0,119,Sabre,2008
4,-,-,-,-,-,-,-,25,0,-,-,Cadets,Women,GULEBASTI elif damla,TUR,7.0,120,Sabre,2008
-,-,-,-,-,-,-,-,-,-,-,6,Cadets,Women,BILOTTI Rosa Caterina,ITA,6.0,121,Sabre,2009
-,-,-,-,-,-,6,-,-,-,-,-,Cadets,Women,KOMJATHY Boglarka,HUN,6.0,122,Sabre,2010
-,-,-,-,-,-,0,-,-,-,-,6,Cadets,Women,DONG Angel,HKG,6.0,123,Sabre,2008
-,-,-,-,-,-,3,-,-,3,-,-,Cadets,Women,ZHANG Wenhan,ESP,6.0,124,Sabre,2009
-,-,-,-,-,-,0,-,-,3,0,3,Cadets,Women,KRUCHINA Lilla,HUN,6.0,125,Sabre,2009
-,-,-,-,-,-,-,-,-,-,3,3,Cadets,Women,COLELLA Eleonora,ITA,6.0,126,Sabre,2009
-,-,-,-,-,-,-,-,-,3,-,3,Cadets,Women,QUAH Jaida Hao Xun,SGP,6.0,127,Sabre,2008
-,-,-,-,-,-,3,-,-,0,3,-,Cadets,Women,FULOP Csenge,HUN,6.0,128,Sabre,2008
-,-,-,-,-,-,0,-,-,3,3,0,Cadets,Women,BERRY Emily,GBR,6.0,129,Sabre,2009
0,-,-,-,-,-,3,-,25,0,(0),-,Cadets,Women,KOCKAYA Beren Yagmur,TUR,6.0,130,Sabre,2008
-,25,-,-,-,-,0,-,0,(0),-,3,Cadets,Women,NIKOLOVA Monika,BUL,6.0,131,Sabre,2008
-,5,-,-,-,-,0,-,-,0,-,-,Cadets,Women,KAVELI Evangelia Martha,GRE,5.0,132,Sabre,2008
-,-,5,-,-,-,0,-,-,-,-,-,Cadets,Women,POZZI Zoe,ITA,5.0,133,Sabre,2008
-,5,-,-,-,-,-,-,-,-,0,-,Cadets,Women,ALLAIRE MARILOU,FRA,5.0,134,Sabre,2008
-,-,5,-,-,-,-,-,-,-,-,-,Cadets,Women,YOUNG Charlotte,USA,5.0,135,Sabre,2010
-,-,-,-,-,-,-,-,5,-,-,-,Cadets,Women,SALMAN defne,TUR,5.0,136,Sabre,2011
-,-,5,-,-,-,-,-,-,-,-,-,Cadets,Women,VALSECCHI Elide Vittoria,ITA,5.0,137,Sabre,2008
-,5,-,-,-,-,-,-,-,0,-,-,Cadets,Women,COTOC Ana,ROU,5.0,138,Sabre,2008
-,-,-,-,-,-,-,-,5,-,-,-,Cadets,Women,BAYDIL nehir,TUR,5.0,139,Sabre,2010
-,5,-,-,-,-,-,-,-,-,-,-,Cadets,Women,AXINTE Sofia,ROU,5.0,140,Sabre,2009
-,5,-,-,-,-,-,-,-,-,-,-,Cadets,Women,MOCANITA Ina,ROU,5.0,141,Sabre,2010
-,5,-,-,-,-,-,-,-,-,0,-,Cadets,Women,NEMES Ariana,ROU,5.0,142,Sabre,2008
-,-,5,-,-,-,-,-,-,-,0,-,Cadets,Women,REZI Luisa,GER,5.0,143,Sabre,2010
-,-,-,-,-,-,-,-,5,-,-,-,Cadets,Women,KARIMOVA FATIMA ROMAN,AZE,5.0,144,Sabre,2010
-,-,-,-,-,-,-,-,5,-,0,-,Cadets,Women,INANOZ melis,TUR,5.0,145,Sabre,2009
-,5,-,-,-,-,-,-,-,-,0,-,Cadets,Women,BLOUET LERAN Josephine,FRA,5.0,146,Sabre,2009
-,5,-,-,-,-,0,-,-,-,-,-,Cadets,Women,TUDORANCEA Rebeca,ROU,5.0,147,Sabre,2008
-,0,-,-,-,-,0,-,5,0,-,-,Cadets,Women,ATANASOVA Eva,BUL,5.0,148,Sabre,2010
-,-,0,0,-,-,-,-,5,-,-,-,Cadets,Women,TAGHIZADE GULARA,AZE,5.0,149,Sabre,2008
-,5,-,-,-,-,-,-,-,0,-,-,Cadets,Women,GLYKI Angeliki,GRE,5.0,150,Sabre,2011
-,-,5,-,-,-,0,-,-,-,0,-,Cadets,Women,MEJLUN Karolina,POL,5.0,151,Sabre,2009
-,5,-,-,-,-,-,-,-,-,-,-,Cadets,Women,SPATARU Elena,ROU,5.0,152,Sabre,2008
4,-,-,-,-,-,-,-,-,-,-,-,Cadets,Women,ASATIANI ANASTASIA,GEO,4.0,153,Sabre,2009
4,-,-,-,-,-,-,-,-,-,-,-,Cadets,Women,AKHVLEDIANI Anastasia,GEO,4.0,154,Sabre,2010
4,-,-,-,-,-,-,-,-,-,-,-,Cadets,Women,TAGHIYEVA GULARA,AZE,4.0,155,Sabre,2008
4,-,-,-,-,-,-,-,0,-,-,-,Cadets,Women,ZAGYAPAN maya,TUR,4.0,156,Sabre,2010
4,-,-,-,-,-,-,-,-,-,-,-,Cadets,Women,ABYLKAIROVA Tomiris,KAZ,4.0,157,Sabre,2008
4,-,-,-,-,-,-,-,-,-,-,-,Cadets,Women,MAKAROVA Darya,KAZ,4.0,158,Sabre,2009
4,-,-,-,-,-,-,-,-,-,-,-,Cadets,Women,SHUKURLU Fatima,AZE,4.0,159,Sabre,2010
4,-,-,-,-,-,-,-,-,-,-,-,Cadets,Women,INASARIDZE ELENE,GEO,4.0,160,Sabre,2012
-,-,-,-,-,-,3,-,-,0,0,-,Cadets,Women,SCHEIBKE Marla,GER,3.0,161,Sabre,2010
-,-,-,-,-,-,-,-,-,-,-,3,Cadets,Women,PROCOVANU Elise,ROU,3.0,162,Sabre,2008
-,-,0,-,-,-,-,-,-,-,3,0,Cadets,Women,REINHARDT Jill-Ronja,GER,3.0,163,Sabre,2008
-,-,-,-,-,-,-,-,0,-,0,3,Cadets,Women,YAP Kristyn,SGP,3.0,164,Sabre,2009
-,-,-,-,-,-,0,-,-,3,-,-,Cadets,Women,ROUMPI Eleni Anna,GRE,3.0,165,Sabre,2009
-,-,-,-,-,-,-,-,-,0,0,3,Cadets,Women,VILA BAILACH Helena,ESP,3.0,166,Sabre,2008
-,-,-,-,-,-,3,-,-,0,-,-,Cadets,Women,BALOGH Luca Gabriella,HUN,3.0,167,Sabre,2008
-,-,-,-,-,-,3,-,-,-,-,-,Cadets,Women,SZEPESI Emilia,HUN,3.0,168,Sabre,2010
-,-,-,-,-,-,-,-,-,3,-,-,Cadets,Women,KAZAKOU Olga,GRE,3.0,169,Sabre,2008
-,-,-,-,-,-,-,-,-,-,-,3,Cadets,Women,PARAMO PENA Gadea,ESP,3.0,170,Sabre,2009
-,-,-,-,-,-,-,-,-,-,3,-,Cadets,Women,DOLL Julia,GER,3.0,171,Sabre,2010
-,-,-,-,-,-,-,-,-,3,-,-,Cadets,Women,RETSA Maria Konstantina,GRE,3.0,172,Sabre,2009
-,-,-,-,-,-,-,-,-,-,-,3,Cadets,Women,ESPINOZA Maialen,ESP,3.0,172,Sabre,2008
-,-,-,-,-,-,3,-,-,-,-,-,Cadets,Women,DUDAS-GYORKI Reka,HUN,3.0,174,Sabre,2009
-,-,-,-,-,-,-,-,-,-,-,3,Cadets,Women,SUZUKI Rua,JPN,3.0,174,Sabre,2008
-,25,-,-,-,-,0,-,-,-,-,-,Cadets,Women,ZUBOK Daria,UKR,3.0,176,Sabre,2008
-,25,-,-,-,-,-,-,-,-,-,-,Cadets,Women,CONDREA Ioana,ROU,3.0,177,Sabre,2008
-,-,25,-,-,-,-,-,-,-,0,-,Cadets,Women,LUCAS Annika,GER,3.0,178,Sabre,2009
-,0,-,-,-,-,0,-,25,0,-,-,Cadets,Women,DJALAZOVA Maria,BUL,3.0,179,Sabre,2008
-,-,25,-,-,-,-,-,-,-,-,-,Cadets,Women,HOLLANDER Anni,FIN,3.0,180,Sabre,2008
-,25,-,-,-,-,0,-,-,0,0,-,Cadets,Women,PESCARU Amelie,ROU,3.0,181,Sabre,2009
-,-,25,-,-,-,0,-,-,-,0,-,Cadets,Women,DOBIES Antonina,POL,3.0,182,Sabre,2008
-,25,-,-,-,-,-,-,-,0,-,-,Cadets,Women,TSOKOU Anastasia,GRE,3.0,183,Sabre,2008
-,25,-,-,-,-,0,-,-,-,0,-,Cadets,Women,PIROHOVA Aleksiia,UKR,3.0,184,Sabre,2008
-,25,-,-,-,-,-,-,-,-,-,-,Cadets,Women,POPA Mara Elena,ROU,3.0,185,Sabre,2010
-,25,-,-,-,-,-,-,-,-,-,-,Cadets,Women,MATEESCU Ingrid,ROU,3.0,186,Sabre,2010
-,25,-,-,-,-,-,-,-,-,-,-,Cadets,Women,PAPAROIU Iris,ROU,3.0,187,Sabre,2010
-,25,-,-,-,-,-,-,-,-,-,-,Cadets,Women,TOFAN Ania,ROU,3.0,188,Sabre,2011
-,25,-,-,-,-,-,-,-,-,0,-,Cadets,Women,YASHCHUK Adriana,UKR,3.0,189,Sabre,2009
-,25,-,-,-,-,-,-,-,-,-,-,Cadets,Women,NEAGU Marta,ROU,3.0,190,Sabre,2009
-,25,-,-,-,-,-,-,-,-,-,-,Cadets,Women,GRIGORE Patricia,ROU,3.0,191,Sabre,2011
-,25,-,-,-,-,-,-,-,-,-,-,Cadets,Women,JOLDEA Alessia,ROU,3.0,192,Sabre,2010
-,25,-,-,-,-,-,-,-,-,-,-,Cadets,Women,NUTA Maria Emilia,ROU,3.0,193,Sabre,2008
-,25,-,-,-,-,-,-,-,-,-,-,Cadets,Women,MUSAT Simona,ROU,3.0,194,Sabre,2008
-,25,-,-,-,-,-,-,-,-,0,-,Cadets,Women,MENANT-RENARD LEIA,FRA,3.0,195,Sabre,2010
-,25,-,-,-,-,-,-,-,-,-,-,Cadets,Women,MEGE Agathe,FRA,3.0,196,Sabre,2009
-,25,-,-,-,-,-,-,-,-,-,-,Cadets,Women,COTOC Mara,ROU,3.0,197,Sabre,2009
-,25,-,-,-,-,-,-,-,0,-,-,Cadets,Women,PAPADOPOULOU Panagiota,GRE,3.0,198,Sabre,2009
-,25,-,-,-,-,-,-,-,-,-,-,Cadets,Women,DURET NEELA,FRA,3.0,199,Sabre,2008
0,-,-,-,-,-,-,-,-,-,-,-,Cadets,Women,KANLI ece,TUR,0.0,200,Sabre,2012
0,-,-,-,-,-,-,-,-,-,-,-,Cadets,Women,KHALILOVA Zahra,AZE,0.0,201,Sabre,2010
0,-,-,-,-,-,-,-,-,-,-,-,Cadets,Women,GABUNIA Elizabeth,GEO,0.0,202,Sabre,2008
0,-,-,-,-,-,-,-,-,-,-,-,Cadets,Women,KVINIKADZE TAMAR,GEO,0.0,203,Sabre,2009
0,-,-,-,-,-,-,-,-,-,-,-,Cadets,Women,KURDADZE MARITA,GEO,0.0,204,Sabre,2010
0,-,-,-,-,-,-,-,-,-,-,-,Cadets,Women,MORCHADZE MARIAM,GEO,0.0,205,Sabre,2012
0,-,-,-,-,-,-,-,-,-,-,-,Cadets,Women,TCHELIDZE ANTUSA,GEO,0.0,206,Sabre,2012
-,-,-,0,-,-,-,-,-,-,-,-,Cadets,Women,SCHWEITZER Gili,ISR,0.0,207,Sabre,2008
-,-,0,0,-,-,0,-,-,-,0,-,Cadets,Women,SOJOVSKA Jana,CZE,0.0,208,Sabre,2008
-,-,-,0,-,-,-,-,-,-,-,-,Cadets,Women,PILA BARINGOLTZ Avigail,ISR,0.0,209,Sabre,2009
-,-,0,-,-,-,0,-,-,0,-,-,Cadets,Women,CHUHUNOVA Aliesia,UKR,0.0,210,Sabre,2010
-,-,-,-,-,-,-,-,0,-,-,-,Cadets,Women,HOWES Sophie,GBR,0.0,211,Sabre,2009
-,-,-,-,-,-,-,-,0,-,-,-,Cadets,Women,YILMAZ zeren,TUR,0.0,212,Sabre,2009
-,-,0,-,-,-,-,-,-,0,-,0,Cadets,Women,BOSIC Ksenija,SRB,0.0,213,Sabre,2008
-,-,-,-,-,-,-,-,0,0,-,-,Cadets,Women,CICEK ecem,TUR,0.0,214,Sabre,2009
-,-,-,-,-,-,-,-,0,-,-,-,Cadets,Women,ESSIZ Elif Zeren,TUR,0.0,215,Sabre,2010
-,-,0,-,-,-,-,-,-,-,-,-,Cadets,Women,ZOLTOWSKA Agata,POL,0.0,215,Sabre,2009
-,0,0,-,-,-,0,-,-,0,-,-,Cadets,Women,MODRONYUK Varvara,UKR,0.0,217,Sabre,2009
-,-,-,-,-,-,-,-,0,0,-,0,Cadets,Women,TANG Jewel Fang Yu,SGP,0.0,218,Sabre,2009
-,-,-,-,-,-,-,-,0,-,-,-,Cadets,Women,KAYA lara,TUR,0.0,219,Sabre,2011
-,0,-,-,-,-,0,-,0,0,(0),-,Cadets,Women,SEYHAN Selin,GER,0.0,220,Sabre,2009
-,-,0,-,-,-,-,-,-,-,-,-,Cadets,Women,STEPANKOVA Lucie,CZE,0.0,221,Sabre,2008
-,-,0,-,-,-,-,-,-,-,-,-,Cadets,Women,VACKOVA Nikola,CZE,0.0,222,Sabre,2008
-,-,-,-,-,-,-,-,0,-,-,-,Cadets,Women,BALAMIYEVA FIDAN,AZE,0.0,223,Sabre,2010
-,-,0,-,-,-,-,-,-,-,-,-,Cadets,Women,KANOVA Anna,CZE,0.0,223,Sabre,2008
-,-,-,-,-,-,(0),-,0,0,0,0,Cadets,Women,ANDERSON Lauren,GBR,0.0,225,Sabre,2008
-,-,0,-,-,-,-,-,-,-,-,-,Cadets,Women,KOSINAROVA Alena,CZE,0.0,226,Sabre,2010
-,-,0,-,-,-,-,-,-,-,-,-,Cadets,Women,SAPEHINA Natalie,CZE,0.0,227,Sabre,2010
-,-,0,-,-,-,-,-,-,-,-,-,Cadets,Women,SREJBEROVA Aneta,CZE,0.0,227,Sabre,2008
-,-,-,-,-,-,-,-,0,-,-,-,Cadets,Women,SAKARYA hazal,TUR,0.0,229,Sabre,2010
-,-,0,-,-,-,-,-,-,-,-,-,Cadets,Women,PRUCHOVA Anezka,CZE,0.0,229,Sabre,2011
-,-,-,-,-,-,-,-,0,-,-,-,Cadets,Women,IMRAN Nur Irdina Amani,MAS,0.0,231,Sabre,2010
-,-,-,-,-,-,-,-,0,-,-,-,Cadets,Women,ALGAN ece,TUR,0.0,232,Sabre,2009
-,-,-,-,-,-,-,-,0,-,-,-,Cadets,Women,KABAKCI ayse,TUR,0.0,233,Sabre,2009
-,-,-,-,-,-,-,-,0,-,-,-,Cadets,Women,GORKEM Irmak,TUR,0.0,233,Sabre,2011
-,-,-,-,-,-,-,-,0,-,-,-,Cadets,Women,OZBAY berra,TUR,0.0,235,Sabre,2009
-,-,-,-,-,-,-,-,0,-,-,-,Cadets,Women,SEVER Idil Tuana,TUR,0.0,236,Sabre,2009
-,-,-,-,-,-,-,-,0,-,-,-,Cadets,Women,SAHIN Simal,TUR,0.0,237,Sabre,2011
-,0,-,-,-,-,-,-,-,-,-,-,Cadets,Women,STEGARIU Mara,ROU,0.0,238,Sabre,2010
-,0,-,-,-,-,-,-,-,-,-,-,Cadets,Women,DUMITRU Sarah Maria,ROU,0.0,239,Sabre,2008
-,0,-,-,-,-,-,-,-,-,-,-,Cadets,Women,RADU Raluca,ROU,0.0,240,Sabre,2009
-,0,-,-,-,-,-,-,-,-,0,-,Cadets,Women,BARTH Mara,GER,0.0,241,Sabre,2010
-,0,-,-,-,-,-,-,-,-,-,-,Cadets,Women,OARGA Alexia,ROU,0.0,242,Sabre,2010
-,0,-,-,-,-,-,-,-,-,-,-,Cadets,Women,VOLOSCIUC Mirra,ROU,0.0,243,Sabre,2009
-,0,-,-,-,-,-,-,-,-,-,-,Cadets,Women,NASTASIU Maria Ilinca,ROU,0.0,244,Sabre,2009
-,0,-,-,-,-,-,-,-,0,-,-,Cadets,Women,EFSTRATIOU Maria Anna,GRE,0.0,245,Sabre,2009
-,0,-,-,-,-,-,-,-,0,-,-,Cadets,Women,DIMITROPOULOU Vasiliki,GRE,0.0,246,Sabre,2009
-,0,-,-,-,-,-,-,-,-,-,-,Cadets,Women,HABRYLEVYCH Vladyslava,UKR,0.0,247,Sabre,2012
-,0,-,-,-,-,-,-,-,-,-,-,Cadets,Women,IVASCU Maria Teodora,ROU,0.0,248,Sabre,2008
-,0,-,-,-,-,-,-,-,-,-,-,Cadets,Women,SPATARU Andreea,ROU,0.0,249,Sabre,2008
-,0,-,-,-,-,-,-,-,-,-,-,Cadets,Women,GRIBAVIOTI ELEONORA,GRE,0.0,249,Sabre,2011
-,0,-,-,-,-,-,-,-,-,-,-,Cadets,Women,CLARKE Grace,GBR,0.0,249,Sabre,2008
-,-,-,-,-,-,0,-,-,0,0,-,Cadets,Women,DAN Lorena Alexia,ROU,0.0,252,Sabre,2008
-,0,-,-,-,-,-,-,-,0,-,-,Cadets,Women,SHOPOVA Ines,BUL,0.0,253,Sabre,2010
-,-,-,-,-,-,-,-,-,-,0,0,Cadets,Women,MARENGO Yael,FRA,0.0,254,Sabre,2008
-,0,-,-,-,-,-,-,-,-,0,-,Cadets,Women,ALT Mathilda,GER,0.0,255,Sabre,2010
-,0,-,-,-,-,-,-,-,-,-,-,Cadets,Women,CALIMAN Eva,ROU,0.0,256,Sabre,2011
-,-,-,-,-,-,-,-,-,-,-,0,Cadets,Women,GONZALEZ CASARES Kamila Alexandra,ESP,0.0,256,Sabre,2010
-,-,-,-,-,-,-,-,-,0,-,0,Cadets,Women,PIERCE Ella,GBR,0.0,258,Sabre,2008
-,-,-,-,-,-,0,-,-,-,-,0,Cadets,Women,CHOI Maiya,GBR,0.0,259,Sabre,2009
-,-,-,-,-,-,-,-,-,0,-,0,Cadets,Women,DEL RIO MORENO Belen,ESP,0.0,260,Sabre,2008
-,-,-,-,-,-,0,-,-,-,-,-,Cadets,Women,BALLA Annabella,HUN,0.0,261,Sabre,2009
-,-,-,-,-,-,-,-,-,0,-,-,Cadets,Women,KOH Sarah Ya Qi,SGP,0.0,261,Sabre,2009
-,-,-,-,-,-,-,-,-,-,-,0,Cadets,Women,LOBATO RODRIGUEZ Leire,ESP,0.0,261,Sabre,2009
-,-,-,-,-,-,-,-,-,-,-,0,Cadets,Women,ABRAS Lucie,BEL,0.0,264,Sabre,2008
-,-,-,-,-,-,-,-,-,0,0,-,Cadets,Women,LOHBAUER Ivy,GER,0.0,265,Sabre,2010
-,-,-,-,-,-,0,-,-,-,-,-,Cadets,Women,SZANISZLO Fanni,HUN,0.0,266,Sabre,2008
-,-,-,-,-,-,-,-,-,-,-,0,Cadets,Women,TIAN Cynthia,HKG,0.0,266,Sabre,2009
-,-,-,-,-,-,0,-,-,-,0,-,Cadets,Women,BIENCZAK Natalia,POL,0.0,268,Sabre,2009
-,-,-,-,-,-,0,-,-,0,-,0,Cadets,Women,DUBOIS Zoe,SUI,0.0,269,Sabre,2008
-,-,-,-,-,-,0,-,-,-,-,0,Cadets,Women,MARTELLA Angela,ESP,0.0,270,Sabre,2009
-,-,-,-,-,-,0,-,-,-,-,-,Cadets,Women,BUCSI Timea,HUN,0.0,271,Sabre,2008
-,-,-,-,-,-,-,-,-,-,-,0,Cadets,Women,DE ANDRES SAVERIANO Sofia,ESP,0.0,272,Sabre,2008
-,-,-,-,-,-,-,-,-,-,-,0,Cadets,Women,ZEB Sana,DEN,0.0,273,Sabre,2009
-,-,-,-,-,-,-,-,-,-,-,0,Cadets,Women,SANAHUJA DE LA TORRE Mariona,ESP,0.0,273,Sabre,2009
-,-,-,-,-,-,-,-,-,-,-,0,Cadets,Women,MORAN HERNANDEZ Elisa,ESP,0.0,273,Sabre,2009
-,-,-,-,-,-,-,-,-,-,-,0,Cadets,Women,MIRA VANHECKE Elena,ESP,0.0,276,Sabre,2008
-,-,-,-,-,-,0,-,-,-,-,-,Cadets,Women,LUKACS Greta,HUN,0.0,277,Sabre,2008
-,-,-,-,-,-,-,-,-,0,-,-,Cadets,Women,ONG Cari-Anne,SGP,0.0,278,Sabre,2008
-,-,-,-,-,-,0,-,-,0,0,-,Cadets,Women,NEDOPAKA Kateryna,UKR,0.0,279,Sabre,2008
-,-,-,-,-,-,0,-,-,0,-,-,Cadets,Women,LEBENICNIK neja,SLO,0.0,280,Sabre,2008
-,-,-,-,-,-,0,-,-,-,0,-,Cadets,Women,ALKUDMANI TALENE,KSA,0.0,281,Sabre,2009
-,-,-,-,-,-,0,-,-,-,-,-,Cadets,Women,CHICOS Teodora,ROU,0.0,282,Sabre,2008
-,-,-,-,-,-,0,-,-,-,-,-,Cadets,Women,ALEKOVA Preslava,BUL,0.0,283,Sabre,2009
-,-,-,-,-,-,-,-,-,-,0,-,Cadets,Women,PUSCASU Alexia,ROU,0.0,284,Sabre,2008
-,-,-,-,-,-,-,-,-,-,0,-,Cadets,Women,GAZON CLOTHILDE,FRA,0.0,285,Sabre,2008
-,-,-,-,-,-,-,-,-,0,0,-,Cadets,Women,PUSKARIC Julia,GER,0.0,286,Sabre,2010
-,-,-,-,-,-,-,-,-,-,0,-,Cadets,Women,STIRPE Francesca,ITA,0.0,287,Sabre,2009
-,-,-,-,-,-,0,-,-,0,-,-,Cadets,Women,GEORGIEVA Gabriela,BUL,0.0,288,Sabre,2009
-,-,-,-,-,-,0,-,-,-,0,-,Cadets,Women,PABST Johanna Clara,GER,0.0,289,Sabre,2009
-,-,-,-,-,-,-,-,-,-,0,-,Cadets,Women,SVIHOROVA Lenka,CZE,0.0,290,Sabre,2008
-,-,-,-,-,-,-,-,-,0,-,-,Cadets,Women,HRISTOVA Ralitsa,BUL,0.0,291,Sabre,2010
-,-,-,-,-,-,0,-,-,-,-,-,Cadets,Women,BERECZ Dora,HUN,0.0,292,Sabre,2009
-,-,-,-,-,-,-,-,-,-,0,-,Cadets,Women,LEDUC Emile,POL,0.0,293,Sabre,2009
-,-,-,-,-,-,-,-,-,0,-,-,Cadets,Women,LIVANOU Victoria Carolina,GRE,0.0,293,Sabre,2011
-,-,-,-,-,-,0,-,-,0,-,-,Cadets,Women,OZARENKO Mariia,UKR,0.0,295,Sabre,2009
-,-,-,-,-,-,-,-,-,0,-,-,Cadets,Women,KOCAK elif cinar,TUR,0.0,296,Sabre,2010
-,-,-,-,-,-,0,-,-,-,-,-,Cadets,Women,HORICH Emma,HUN,0.0,297,Sabre,2008
-,-,-,-,-,-,-,-,-,-,0,-,Cadets,Women,SULZENKO Margarita,LAT,0.0,298,Sabre,2008
-,-,-,-,-,-,-,-,-,0,-,-,Cadets,Women,PAPAGEORGIOU Ilektra,GRE,0.0,298,Sabre,2010
-,-,-,-,-,-,-,-,-,0,-,-,Cadets,Women,BOGDANOVA Nicoleta,BUL,0.0,300,Sabre,2009
-,-,-,-,-,-,-,-,-,-,0,-,Cadets,Women,WANG Bianca,GER,0.0,301,Sabre,2009
-,-,-,-,-,-,-,-,-,0,-,-,Cadets,Women,GKEKA Evanthia Ariadni,GRE,0.0,302,Sabre,2010
-,-,-,-,-,-,-,-,-,0,-,-,Cadets,Women,ZAKORCHMENNA ANNA,UKR,0.0,303,Sabre,2009
-,-,-,-,-,-,-,-,-,0,-,-,Cadets,Women,POR Ke Xin Kayla,SGP,0.0,304,Sabre,2009
-,-,-,-,-,-,-,-,-,0,-,-,Cadets,Women,SIOULA Olga Agapi,GRE,0.0,304,Sabre,2009
-,-,-,-,-,-,-,-,-,0,-,-,Cadets,Women,VASILEVA Marina,BUL,0.0,306,Sabre,2012
-,-,-,-,-,-,0,-,-,-,-,-,Cadets,Women,NIESZ Leona,HUN,0.0,307,Sabre,2009
-,-,-,-,-,-,-,-,-,0,-,-,Cadets,Women,ALEKSANDROVA Elia,BUL,0.0,307,Sabre,2011
-,-,-,-,-,-,-,-,-,-,0,-,Cadets,Women,TURKMEN Damla,TUR,0.0,309,Sabre,2009
-,-,-,-,-,-,-,-,-,-,0,-,Cadets,Women,SCHURR Greta,GER,0.0,310,Sabre,2010
-,-,-,-,-,-,-,-,-,-,0,-,Cadets,Women,GAERTNER Anna,GER,0.0,311,Sabre,2008
-,-,-,-,-,-,-,-,-,-,0,-,Cadets,Women,TYMOKHINA MARIIA,UKR,0.0,311,Sabre,2008
-,-,-,-,-,-,0,-,-,-,-,-,Cadets,Women,PEEHAL Simran,GBR,0.0,313,Sabre,2009
-,-,-,-,-,-,-,-,-,-,-,-,Cadets,Women,GHEORGHE Ingrid,ROU,0.0,314,Sabre,2011
-,-,-,-,-,-,-,-,-,-,-,-,Cadets,Women,MUNTEANU Livia,ROU,0.0,314,Sabre,2010
-,-,-,-,-,-,-,-,-,-,-,-,Cadets,Women,ION Amalia,ROU,0.0,314,Sabre,2011
-,-,-,-,-,-,-,-,-,-,-,-,Cadets,Women,CAPATINA Anastasia,ROU,0.0,314,Sabre,2012
-,-,-,-,-,-,-,-,-,-,-,-,Cadets,Women,ELBIBANY Sara,ROU,0.0,314,Sabre,2011
-,-,-,-,-,-,-,-,-,-,-,-,Cadets,Women,MISAILA Cristiana,ROU,0.0,314,Sabre,2010
-,-,-,-,-,-,-,-,-,-,-,-,Cadets,Women,OLTEANU Natalia,ROU,0.0,314,Sabre,2010
-,-,-,-,-,-,-,-,-,-,-,-,Cadets,Women,DUR Rebeca,ROU,0.0,314,Sabre,2011
-,-,-,-,-,-,-,-,-,-,-,-,Cadets,Women,IONESCU Eva,ROU,0.0,314,Sabre,2012
-,-,-,-,-,-,-,-,-,-,-,-,Cadets,Women,OLARU Andrada,ROU,0.0,314,Sabre,2012
-,-,-,-,-,-,-,-,-,-,-,-,Cadets,Women,GLAVASCHI Erika,ROU,0.0,314,Sabre,2012
-,-,-,-,-,-,-,-,-,-,-,-,Cadets,Women,GALETEANU Ioana,ROU,0.0,314,Sabre,2011
-,-,-,-,-,-,-,-,-,-,-,-,Cadets,Women,TUDOR Ariadna,ROU,0.0,314,Sabre,2012
-,-,-,-,-,-,-,-,-,-,-,-,Cadets,Women,LUNGULEAC Beatrice,ROU,0.0,314,Sabre,2012
-,-,-,-,-,-,-,-,-,-,-,-,Cadets,Women,IORGA Aida,ROU,0.0,314,Sabre,2010
-,-,-,-,-,-,-,-,-,-,-,-,Cadets,Women,CIUREANU Maria,ROU,0.0,314,Sabre,2011
-,-,-,-,-,-,-,-,-,-,-,-,Cadets,Women,CIUREANU Francesca,ROU,0.0,314,Sabre,2012
-,-,-,-,-,-,-,-,-,-,-,-,Cadets,Women,IORDACHE Cezara,ROU,0.0,314,Sabre,2012
-,-,-,-,-,-,-,-,-,-,-,-,Cadets,Women,DE GRAEVE Iana,ROU,0.0,314,Sabre,2011
-,-,-,-,-,-,-,-,-,-,-,-,Cadets,Women,FRUNZA Maria,ROU,0.0,314,Sabre,2011
-,-,-,-,-,-,-,-,-,-,-,-,Cadets,Women,CIOBANU Catinca,ROU,0.0,314,Sabre,2011
-,-,-,-,-,-,-,-,-,-,-,-,Cadets,Women,NEGREA Maria,ROU,0.0,314,Sabre,2012
-,-,-,-,-,-,-,-,-,-,-,-,Cadets,Women,GRIEROSU Ilinca,ROU,0.0,314,Sabre,2010
-,-,-,-,-,-,-,-,-,-,-,-,Cadets,Women,LISNEANU Carla,ROU,0.0,314,Sabre,2012
-,-,-,-,-,-,-,-,-,-,-,-,Cadets,Women,MURGU Maria,ROU,0.0,314,Sabre,2010
-,-,-,-,-,-,-,-,-,-,-,-,Cadets,Women,AILOAIE Carina,ROU,0.0,314,Sabre,2010
-,-,-,-,-,-,-,-,-,-,-,-,Cadets,Women,EZARIU Denisa,ROU,0.0,314,Sabre,2010
-,-,-,-,-,-,-,-,-,-,-,-,Cadets,Women,DURBACA Iustina,ROU,0.0,314,Sabre,2010
