Fencerid,Name,Country,Weapon,Gender,Points,Date,Level,Hand,Height,Rank,Flag,Image,Competitionplaces,Addrid,Type,Country_2,IOC,ISO
34385,KANO Koki,JAPAN,Epee,Men,218.000,1997-12-19,Senior,Right,,1,JPN,https://static.fie.org/uploads/31/158000-JPN_ATHLETE_KANO_KOKI_2023.jpg,[],34385,Individual,Japan,JPN,JPN
30081,SIKLOSI Gergely,HUNGARY,Epee,Men,198.000,1997-09-04,Senior,Right,,2,HUN,https://static.fie.org/uploads/21/107490-Gergely%20SIKL%C3%93SI.jpg,[],30081,Individual,Hungary,HUN,HUN
19856,BOREL Yannick,FRANCE,Epee,Men,196.000,1988-11-05,Senior,Right,,3,FRA,https://static.fie.org/uploads/28/140564-MenEpee%20BOREL%20Yannick.jpg,[],19856,Individual,France,FRA,FRA
46290,ELSAYED Mohamed,EGYPT,Epee,Men,160.000,2003-03-03,Senior,Right,,4,EGY,https://static.fie.org/uploads/26/133526-mohamed%20elsayed%20samy1.jpeg,[],46290,Individual,Egypt,EGY,EGY
32919,VISMARA Federico,ITALY,Epee,Men,141.000,1997-07-10,Senior,Right,,5,ITA,https://static.fie.org/uploads/34/170076-VISMARA%20Federico.jpg,[],32919,Individual,Italy,ITA,ITA
39105,KOCH Mate Tamas,HUNGARY,Epee,Men,138.000,1999-09-17,Senior,Right,,6,HUN,https://static.fie.org/uploads/20/103003-Koch%20M%C3%A1t%C3%A92.jpg,[],39105,Individual,Hungary,HUN,HUN
24408,YAMADA Masaru,JAPAN,Epee,Men,137.000,1994-06-14,Senior,Right,,7,JPN,https://static.fie.org/uploads/31/159140-JPN_ATHLETE_YAMADA_Masaru.jpg,[],24408,Individual,Japan,JPN,JPN
41784,MIDELTON Luidgi,FRANCE,Epee,Men,126.000,1998-10-20,Senior,Right,,8,FRA,https://static.fie.org/uploads/18/94524-midelton.jpg,[],41784,Individual,France,FRA,FRA
36648,ANDRASFI Tibor,HUNGARY,Epee,Men,121.000,1999-12-10,Senior,Right,,9,HUN,https://static.fie.org/uploads/20/103001-Andr%C3%A1sfi%20Tibor2.jpg,[],36648,Individual,Hungary,HUN,HUN
24944,FREILICH Yuval Shalom,ISRAEL,Epee,Men,112.000,1995-01-24,Senior,Left,171,10,ISR,https://static.fie.org/uploads/28/143199-YUVAL%20FREILICH%20.jpeg,[],24944,Individual,Israel,ISR,ISR
35617,CANNONE Romain,FRANCE,Epee,Men,110.000,1997-04-12,Senior,Right,,11,FRA,https://static.fie.org/uploads/27/135549-1T0A0970.jpg,[],35617,Individual,France,FRA,FRA
54823,IMREK Samuel,USA,Epee,Men,105.500,2005-08-17,Senior,Left,,12,USA,https://static.fie.org/uploads/34/170537-168370-imrek.jpg,[],54823,Individual,United States,USA,USA
45133,LOYOLA Neisser,BELGIUM,Epee,Men,100.000,1998-07-28,Senior,Right,,13,BEL,https://static.fie.org/uploads/31/155805-IMG-20230522-WA0003.jpg,[],45133,Individual,Belgium,BEL,BEL
40234,WANG Zijie,CHINA,Epee,Men,96.000,1996-07-15,Senior,Left,,14,CHN,https://static.fie.org/uploads/22/110952-.jpg,[],40234,Individual,"China, People's Republic of[4]",CHN,CHN
20488,MINOBE Kazuyasu,JAPAN,Epee,Men,96.000,1987-07-15,Senior,Left,,15,JPN,https://static.fie.org/uploads/22/112458-JPN_ATHLETE_MINOBE_KAZUYASU.png,[],20488,Individual,Japan,JPN,JPN
22285,KURBANOV Ruslan,KAZAKHSTAN,Epee,Men,92.000,1991-09-17,Senior,Right,,16,KAZ,https://static.fie.org/uploads/18/92096-FullSizeRender.jpg,[],22285,Individual,Kazakhstan,KAZ,KAZ
27993,BAYARD Alexis,SWITZERLAND,Epee,Men,84.000,1996-06-11,Senior,Left,,17,SUI,https://static.fie.org/uploads/7/38912-BAYARD-alexis.jpg,[],27993,Individual,Switzerland,SUI,CHE
10222,LIMARDO GASCON Ruben,VENEZUELA,Epee,Men,78.000,1985-08-03,Senior,Left,183,18,VEN,https://static.fie.org/uploads/7/39157-LIMARDO-GASCON-Ruben.jpg,[],10222,Individual,Venezuela,VEN,VEN
42541,DI VEROLI Davide,ITALY,Epee,Men,75.000,2001-08-18,Senior,Left,,19,ITA,https://static.fie.org/uploads/34/170032-DI%20VEROLI%20Davide.jpg,[],42541,Individual,Italy,ITA,ITA
30882,HO Wai Hang,"HONG KONG, CHINA",Epee,Men,69.375,1996-04-07,Senior,Right,,20,HKG,https://static.fie.org/uploads/34/170188-WhatsApp%20Image%202024-06-30%20at%2012.42.08_143a8f71.jpg,[],30882,Individual,Hong Kong[11],HKG,HKG
6960,JAPAN,JAPAN,Epee,Men,368.000,,Senior,,,1,JPN,JP,[],6960,Team,Japan,JPN,JPN
6955,FRANCE,FRANCE,Epee,Men,356.000,,Senior,,,2,FRA,FR,[],6955,Team,France,FRA,FRA
6958,HUNGARY,HUNGARY,Epee,Men,320.000,,Senior,,,3,HUN,HU,[],6958,Team,Hungary,HUN,HUN
6959,ITALY,ITALY,Epee,Men,280.000,,Senior,,,4,ITA,IT,[],6959,Team,Italy,ITA,ITA
6961,KAZAKHSTAN,KAZAKHSTAN,Epee,Men,266.000,,Senior,,,5,KAZ,KZ,[],6961,Team,Kazakhstan,KAZ,KAZ
6881,CZECHIA,CZECHIA,Epee,Men,252.000,,Senior,,,6,CZE,CZ,[],6881,Team,Czech Republic,CZE,CZE
6945,VENEZUELA,VENEZUELA,Epee,Men,220.000,,Senior,,,7,VEN,VE,[],6945,Team,Venezuela,VEN,VEN
9593,EGYPT,EGYPT,Epee,Men,205.000,,Senior,,,8,EGY,EG,[],9593,Team,Egypt,EGY,EGY
9044,SWITZERLAND,SWITZERLAND,Epee,Men,154.000,,Senior,,,9,SUI,CH,[],9044,Team,Switzerland,SUI,CHE
8860,KOREA,KOREA,Epee,Men,139.000,,Senior,,,10,KOR,KR,[],8860,Team,"Korea, Republic of (South)[14]",KOR,KOR
9454,SPAIN,SPAIN,Epee,Men,138.000,,Senior,,,11,ESP,ES,[],9454,Team,Spain,ESP,ESP
6979,UKRAINE,UKRAINE,Epee,Men,138.000,,Senior,,,12,UKR,UA,[],6979,Team,Ukraine,UKR,UKR
6879,CHINA,CHINA,Epee,Men,131.000,,Senior,,,13,CHN,CN,[],6879,Team,"China, People's Republic of[4]",CHN,CHN
6878,CANADA,CANADA,Epee,Men,106.000,,Senior,,,14,CAN,CA,[],6878,Team,Canada,CAN,CAN
6957,GERMANY,GERMANY,Epee,Men,106.000,,Senior,,,15,GER,DE,[],6957,Team,Germany,GER,DEU
6895,ISRAEL,ISRAEL,Epee,Men,104.000,,Senior,,,16,ISR,IL,[],6895,Team,Israel,ISR,ISR
6929,COLOMBIA,COLOMBIA,Epee,Men,96.000,,Senior,,,17,COL,CO,[],6929,Team,Colombia,COL,COL
14877,MOROCCO,MOROCCO,Epee,Men,84.000,,Senior,,,18,MAR,MA,[],14877,Team,Morocco,MAR,MAR
6924,USA,USA,Epee,Men,79.000,,Senior,,,19,USA,US,[],6924,Team,United States,USA,USA
19701,FINLAND,FINLAND,Epee,Men,78.000,,Senior,,,20,FIN,FI,[],19701,Team,Finland,FIN,FIN
22439,KONG Man Wai Vivian,"HONG KONG, CHINA",Epee,Women,265.000,1994-02-08,Senior,Left,,1,HKG,https://static.fie.org/uploads/23/117346-vivian.jpg,[],22439,Individual,Hong Kong[11],HKG,HKG
25031,MALLO-BRETON Auriane,FRANCE,Epee,Women,199.000,1993-10-11,Senior,Left,,2,FRA,https://static.fie.org/uploads/28/140559-WomenEpee%20MALLO%20Auriane.jpg,[],25031,Individual,France,FRA,FRA
42192,MUHARI Eszter,HUNGARY,Epee,Women,158.000,2002-09-30,Senior,Left,,3,HUN,https://static.fie.org/uploads/20/103016-Muhari%20Eszter2.jpg,[],42192,Individual,Hungary,HUN,HUN
12562,RIZZI Giulia,ITALY,Epee,Women,156.000,1989-06-20,Senior,Right,,4,ITA,https://static.fie.org/uploads/34/170063-Rizzi%20Giulia.jpg,[],12562,Individual,Italy,ITA,ITA
33038,SONG Sera,KOREA,Epee,Women,142.000,1993-09-06,Senior,Left,,5,KOR,https://static.fie.org/uploads/24/123580-20200311_162745_696.jpg,[],33038,Individual,"Korea, Republic of (South)[14]",KOR,KOR
23170,SANTUCCIO Alberta,ITALY,Epee,Women,140.000,1994-10-22,Senior,Right,,6,ITA,https://static.fie.org/uploads/34/170068-SANTUCCIO%20Roberta.jpg,[],23170,Individual,Italy,ITA,ITA
19933,DIFFERT Nelli,ESTONIA,Epee,Women,130.000,1990-07-24,Senior,Right,168,7,EST,https://static.fie.org/uploads/2/11920-19933.jpg,[],19933,Individual,Estonia,EST,EST
20179,CANDASSAMY Marie-Florence,FRANCE,Epee,Women,127.000,1991-02-26,Senior,Right,,8,FRA,https://static.fie.org/uploads/28/140558-WomenEpee%20CANDASSAMY%20Marie-Florence.jpg,[],20179,Individual,France,FRA,FRA
33102,SUN Yiwen,CHINA,Epee,Women,112.000,1992-06-17,Senior,Left,,9,CHN,https://static.fie.org/uploads/22/110941-.jpg,[],33102,Individual,"China, People's Republic of[4]",CHN,CHN
49725,GUZZI VINCENTI Margherita,USA,Epee,Women,107.000,1990-09-12,Senior,Right,,10,USA,https://static.fie.org/uploads/33/169418-USA%20Fencing%202024%20Olympic%20Media%20Day%20-%20NYC%20-%20Timacheff%20-%200098.jpg,[],49725,Individual,United States,USA,USA
29074,KHARKOVA Vlada,UKRAINE,Epee,Women,107.000,1996-09-29,Senior,Right,,11,UKR,https://static.fie.org/uploads/5/28498-Kharkova_Vlada_UKR.jpg,[],29074,Individual,Ukraine,UKR,UKR
4585,MOELLHAUSEN Nathalie,BRAZIL,Epee,Women,106.000,1985-12-01,Senior,Left,177,12,BRA,https://static.fie.org/uploads/32/160907-Captura%20de%20tela%202023-10-27%20180338.png,[],4585,Individual,Brazil,BRA,BRA
38075,YU Sihan,CHINA,Epee,Women,104.000,2001-07-24,Senior,Right,,13,CHN,https://static.fie.org/uploads/24/120345-mmexport1577700945342.jpg,[],38075,Individual,"China, People's Republic of[4]",CHN,CHN
49617,HUSISIAN Hadley,USA,Epee,Women,103.000,2003-07-26,Senior,Right,,14,USA,https://static.fie.org/uploads/33/169421-USA%20Fencing%202024%20Olympic%20Media%20Day%20-%20NYC%20-%20Timacheff%20-%200050.jpg,[],49617,Individual,United States,USA,USA
28593,VITALIS Coraline,FRANCE,Epee,Women,97.000,1995-05-09,Senior,Right,,15,FRA,https://static.fie.org/uploads/8/44488-EDS%20VITALIS%20Coraline%20%282%29.jpg,[],28593,Individual,France,FRA,FRA
13707,KRYVYTSKA Olena,UKRAINE,Epee,Women,92.000,1987-02-23,Senior,Right,,16,UKR,https://static.fie.org/uploads/9/49055-Olena%20Kryvytska.jpg,[],13707,Individual,Ukraine,UKR,UKR
18515,NDOLO Alexandra,KENYA,Epee,Women,91.000,1986-08-13,Senior,Left,,17,KEN,https://static.fie.org/uploads/21/109369-Ndolo.jpg,[],18515,Individual,Kenya,KEN,KEN
27218,DI TELLA Isabel,ARGENTINA,Epee,Women,90.000,1993-06-10,Senior,Right,188,18,ARG,https://static.fie.org/uploads/2/12555-27218.jpg,[],27218,Individual,Argentina,ARG,ARG
26244,BRUNNER Pauline,SWITZERLAND,Epee,Women,81.000,1994-12-03,Senior,Left,,19,SUI,https://static.fie.org/uploads/2/13768-26244.jpg,[],26244,Individual,Switzerland,SUI,CHE
29237,LEE Hyein,KOREA,Epee,Women,81.000,1995-01-16,Senior,Right,,20,KOR,https://static.fie.org/uploads/25/128072-%20%EC%82%AC%EC%A7%841.jpg,[],29237,Individual,"Korea, Republic of (South)[14]",KOR,KOR
6959,ITALY,ITALY,Epee,Women,404.000,,Senior,,,1,ITA,IT,[],6959,Team,Italy,ITA,ITA
8860,KOREA,KOREA,Epee,Women,332.000,,Senior,,,2,KOR,KR,[],8860,Team,"Korea, Republic of (South)[14]",KOR,KOR
6879,CHINA,CHINA,Epee,Women,272.000,,Senior,,,3,CHN,CN,[],6879,Team,"China, People's Republic of[4]",CHN,CHN
6955,FRANCE,FRANCE,Epee,Women,260.000,,Senior,,,4,FRA,FR,[],6955,Team,France,FRA,FRA
6924,USA,USA,Epee,Women,252.000,,Senior,,,5,USA,US,[],6924,Team,United States,USA,USA
6979,UKRAINE,UKRAINE,Epee,Women,249.000,,Senior,,,6,UKR,UA,[],6979,Team,Ukraine,UKR,UKR
6971,POLAND,POLAND,Epee,Women,238.000,,Senior,,,7,POL,PL,[],6971,Team,Poland,POL,POL
6958,HUNGARY,HUNGARY,Epee,Women,177.000,,Senior,,,8,HUN,HU,[],6958,Team,Hungary,HUN,HUN
6884,ESTONIA,ESTONIA,Epee,Women,174.000,,Senior,,,9,EST,EE,[],6884,Team,Estonia,EST,EST
6878,CANADA,CANADA,Epee,Women,166.000,,Senior,,,10,CAN,CA,[],6878,Team,Canada,CAN,CAN
9593,EGYPT,EGYPT,Epee,Women,158.000,,Senior,,,11,EGY,EG,[],9593,Team,Egypt,EGY,EGY
9044,SWITZERLAND,SWITZERLAND,Epee,Women,147.000,,Senior,,,12,SUI,CH,[],9044,Team,Switzerland,SUI,CHE
6888,"HONG KONG, CHINA","HONG KONG, CHINA",Epee,Women,145.000,,Senior,,,13,HKG,HK,[],6888,Team,Hong Kong[11],HKG,HKG
6960,JAPAN,JAPAN,Epee,Women,119.000,,Senior,,,14,JPN,JP,[],6960,Team,Japan,JPN,JPN
6895,ISRAEL,ISRAEL,Epee,Women,115.000,,Senior,,,15,ISR,IL,[],6895,Team,Israel,ISR,ISR
6957,GERMANY,GERMANY,Epee,Women,98.000,,Senior,,,16,GER,DE,[],6957,Team,Germany,GER,DEU
6919,SWEDEN,SWEDEN,Epee,Women,92.000,,Senior,,,17,SWE,SE,[],6919,Team,Sweden,SWE,SWE
6961,KAZAKHSTAN,KAZAKHSTAN,Epee,Women,67.000,,Senior,,,18,KAZ,KZ,[],6961,Team,Kazakhstan,KAZ,KAZ
9454,SPAIN,SPAIN,Epee,Women,66.000,,Senior,,,19,ESP,ES,[],9454,Team,Spain,ESP,ESP
6914,SOUTH AFRICA,SOUTH AFRICA,Epee,Women,52.000,,Senior,,,20,RSA,ZA,[],6914,Team,South Africa,RSA,ZAF
54823,IMREK Samuel,USA,Epee,Men,212.000,2005-08-17,Junior,Left,,1,USA,https://static.fie.org/uploads/34/170537-168370-imrek.jpg,[],54823,Individual,United States,USA,USA
48895,YASSEEN Mohamed,EGYPT,Epee,Men,146.000,2004-01-05,Junior,Left,,2,EGY,https://static.fie.org/uploads/26/133529-mohamed%20mahmoud%20yassin%20j.jpeg,[],48895,Individual,Egypt,EGY,EGY
53707,GALASSI Matteo,ITALY,Epee,Men,119.500,2005-05-18,Junior,Right,,3,ITA,https://static.fie.org/uploads/26/130371-GALASSI%20Matteo.jpg,[],53707,Individual,Italy,ITA,ITA
52753,MAZUR Daniil,UKRAINE,Epee,Men,94.500,2005-06-06,Junior,Right,,4,UKR,https://static.fie.org/uploads/25/125451-Mazur%20Daniil%2020210311.jpg,[],52753,Individual,Ukraine,UKR,UKR
52240,AEBERSOLD Alban,SWITZERLAND,Epee,Men,85.000,2004-03-19,Junior,Right,,5,SUI,https://static.fie.org/uploads/30/152579-Alban%20Aebersold.png,[],52240,Individual,Switzerland,SUI,CHE
52943,KIM Jungbeom,KOREA,Epee,Men,83.000,2004-07-31,Junior,Right,,6,KOR,https://static.fie.org/uploads/32/164773-%EA%B9%80%EC%A0%95%EB%B2%94%20%EC%82%AC%EC%A7%84.jpeg,[],52943,Individual,"Korea, Republic of (South)[14]",KOR,KOR
51409,TOBIAS Erik,ESTONIA,Epee,Men,79.500,2004-10-28,Junior,Right,,7,EST,https://static.fie.org/uploads/23/117597-Tobias.jpg,[],51409,Individual,Estonia,EST,EST
54091,DEL CONTRASTO Nicolo',ITALY,Epee,Men,71.000,2004-02-10,Junior,Left,,8,ITA,https://static.fie.org/uploads/26/131820-DEL%20CONTRASTO.jpg,[],54091,Individual,Italy,ITA,ITA
53590,BROOKE Alec,GREAT BRITAIN,Epee,Men,69.000,2005-05-04,Junior,Left,,9,GBR,https://static.fie.org/uploads/27/135372-BROOKE_Alec_GBR_athlete.jpg,[],53590,Individual,United Kingdom[21],GBR,GBR
57224,HSU Jia Huan Kenton,"HONG KONG, CHINA",Epee,Men,61.000,2007-01-09,Junior,Right,,10,HKG,https://static.fie.org/uploads/28/144333-hsu.jpg,[],57224,Individual,Hong Kong[11],HKG,HKG
54255,PIETROBELLI Giacomo Patrick,IRELAND,Epee,Men,60.500,2005-05-17,Junior,Right,,11,IRL,https://static.fie.org/uploads/29/146938-IRL_Pietrobelli_Giacomo.jpg,[],54255,Individual,Ireland[12],IRL,IRL
53904,PELLE Domonkos,HUNGARY,Epee,Men,60.250,2006-05-21,Junior,Right,,12,HUN,https://static.fie.org/uploads/26/130907-Pelle.jpg,[],53904,Individual,Hungary,HUN,HUN
55606,SHAMEL Youssef,EGYPT,Epee,Men,60.250,2006-02-02,Junior,Right,,13,EGY,https://static.fie.org/uploads/27/137946-Youssef-Mohamed-Shamel-photo-.jpg,[],55606,Individual,Egypt,EGY,EGY
49420,ELSAYED Mahmoud,EGYPT,Epee,Men,60.250,2005-04-25,Junior,Right,,14,EGY,https://static.fie.org/uploads/33/166965-Picture2.jpg,[],49420,Individual,Egypt,EGY,EGY
54616,OSAMA Eslam,EGYPT,Epee,Men,60.000,2007-06-14,Junior,Right,,15,EGY,https://static.fie.org/uploads/26/134865-eslam%20osama%20hashy%20photo%20jpg.jpg,[],54616,Individual,Egypt,EGY,EGY
58393,YASUI Kohaku,JAPAN,Epee,Men,56.000,2004-08-17,Junior,Left,,16,JPN,https://static.fie.org/uploads/29/149858-JPN_ATHLETE_YASUI_KOHAKU.jpg,[],58393,Individual,Japan,JPN,JPN
57105,KERESZTES Adam,HUNGARY,Epee,Men,55.500,2006-05-01,Junior,Right,,17,HUN,https://static.fie.org/uploads/28/143893-keresztes.jpg,[],57105,Individual,Hungary,HUN,HUN
52853,LAWSON Henry,USA,Epee,Men,54.000,2004-09-02,Junior,Left,,18,USA,https://static.fie.org/uploads/28/141804-Lawson%2C%20Henry.jpeg,[],52853,Individual,United States,USA,USA
54334,SILVERS Noah,USA,Epee,Men,54.000,2004-01-15,Junior,Right,,19,USA,https://static.fie.org/uploads/26/132970-Silvers%2C%20Noah.jpg,[],54334,Individual,United States,USA,USA
57682,PETERSEN Ole,GERMANY,Epee,Men,54.000,2007-09-24,Junior,Right,,20,GER,https://static.fie.org/uploads/33/165550-PETERSEN%2COle.jpg,[],57682,Individual,Germany,GER,DEU
6959,ITALY,ITALY,Epee,Men,420.000,,Junior,,,1,ITA,IT,[],6959,Team,Italy,ITA,ITA
6924,USA,USA,Epee,Men,336.000,,Junior,,,2,USA,US,[],6924,Team,United States,USA,USA
9593,EGYPT,EGYPT,Epee,Men,292.000,,Junior,,,3,EGY,EG,[],9593,Team,Egypt,EGY,EGY
6958,HUNGARY,HUNGARY,Epee,Men,274.000,,Junior,,,4,HUN,HU,[],6958,Team,Hungary,HUN,HUN
6955,FRANCE,FRANCE,Epee,Men,266.000,,Junior,,,5,FRA,FR,[],6955,Team,France,FRA,FRA
6961,KAZAKHSTAN,KAZAKHSTAN,Epee,Men,263.000,,Junior,,,6,KAZ,KZ,[],6961,Team,Kazakhstan,KAZ,KAZ
6979,UKRAINE,UKRAINE,Epee,Men,238.000,,Junior,,,7,UKR,UA,[],6979,Team,Ukraine,UKR,UKR
9044,SWITZERLAND,SWITZERLAND,Epee,Men,231.000,,Junior,,,8,SUI,CH,[],9044,Team,Switzerland,SUI,CHE
9454,SPAIN,SPAIN,Epee,Men,198.000,,Junior,,,9,ESP,ES,[],9454,Team,Spain,ESP,ESP
6957,GERMANY,GERMANY,Epee,Men,196.000,,Junior,,,10,GER,DE,[],6957,Team,Germany,GER,DEU
8860,KOREA,KOREA,Epee,Men,192.000,,Junior,,,11,KOR,KR,[],8860,Team,"Korea, Republic of (South)[14]",KOR,KOR
6884,ESTONIA,ESTONIA,Epee,Men,189.000,,Junior,,,12,EST,EE,[],6884,Team,Estonia,EST,EST
6879,CHINA,CHINA,Epee,Men,188.000,,Junior,,,13,CHN,CN,[],6879,Team,"China, People's Republic of[4]",CHN,CHN
6922,CHINESE TAIPEI,CHINESE TAIPEI,Epee,Men,184.000,,Junior,,,14,TPE,TW,[],6922,Team,Taiwan[19],TPE,TWN
6886,GREAT BRITAIN,GREAT BRITAIN,Epee,Men,179.000,,Junior,,,15,GBR,GB,[],6886,Team,United Kingdom[21],GBR,GBR
6971,POLAND,POLAND,Epee,Men,171.000,,Junior,,,16,POL,PL,[],6971,Team,Poland,POL,POL
6888,"HONG KONG, CHINA","HONG KONG, CHINA",Epee,Men,155.000,,Junior,,,17,HKG,HK,[],6888,Team,Hong Kong[11],HKG,HKG
6925,UZBEKISTAN,UZBEKISTAN,Epee,Men,131.000,,Junior,,,18,UZB,UZ,[],6925,Team,Uzbekistan,UZB,UZB
6900,SAUDI ARABIA,SAUDI ARABIA,Epee,Men,117.000,,Junior,,,19,KSA,SA,[],6900,Team,Saudi Arabia,KSA,SAU
6938,MEXICO,MEXICO,Epee,Men,108.000,,Junior,,,20,MEX,MX,[],6938,Team,Mexico,MEX,MEX
57080,MACHULSKY Leehi,USA,Epee,Women,164.000,2006-01-04,Junior,Right,,1,USA,https://static.fie.org/uploads/28/143796-Machulsky%2C%20Leehi.jpg,[],57080,Individual,United States,USA,USA
51357,FRANCILLONNE Oceane,FRANCE,Epee,Women,144.000,2004-09-18,Junior,Right,,2,FRA,https://static.fie.org/uploads/23/117370-FRANCILLONNE_Oceane.jpg,[],51357,Individual,France,FRA,FRA
54069,MAKSYMENKO Anna,UKRAINE,Epee,Women,121.000,2007-07-11,Junior,Right,,3,UKR,https://static.fie.org/uploads/26/131625-maksymenko.jpg,[],54069,Individual,Ukraine,UKR,UKR
45969,JOYCE Michaela,USA,Epee,Women,117.000,2004-03-15,Junior,Left,,4,USA,https://static.fie.org/uploads/29/145094-Joyce%2C%20Michaela.jpeg,[],45969,Individual,United States,USA,USA
52833,CONRAD Emily,UKRAINE,Epee,Women,113.000,2007-08-05,Junior,Right,,5,UKR,https://static.fie.org/uploads/25/125657-conrad_emily.jpg,[],52833,Individual,Ukraine,UKR,UKR
53512,MURZATAEVA Dilnaz,UZBEKISTAN,Epee,Women,104.000,2005-12-16,Junior,Right,,6,UZB,https://static.fie.org/uploads/25/129654-JI3P7178.jpg,[],53512,Individual,Uzbekistan,UZB,UZB
57574,YIN Julia,CANADA,Epee,Women,85.000,2009-07-17,Junior,Right,,7,CAN,https://static.fie.org/uploads/33/167682-CANADA_athlete_YIN_Julia.jpg,[],57574,Individual,Canada,CAN,CAN
51837,SILETTI Vittoria,ITALY,Epee,Women,82.000,2004-03-29,Junior,Left,,8,ITA,https://static.fie.org/uploads/23/119930-SILETTI%20Vittoria.jpg,[],51837,Individual,Italy,ITA,ITA
52370,WIMMER Dorina,HUNGARY,Epee,Women,78.000,2005-11-18,Junior,Right,,9,HUN,https://static.fie.org/uploads/24/122820-HUN_Dorina_Wimmer_athlete.jpg,[],52370,Individual,Hungary,HUN,HUN
59243,CHEN Chen,CHINA,Epee,Women,77.500,2004-12-27,Junior,Left,,10,CHN,https://static.fie.org/uploads/32/162249-CHENCHEN.jpg,[],59243,Individual,"China, People's Republic of[4]",CHN,CHN
54092,CORRADINO Anita,ITALY,Epee,Women,74.000,2004-06-21,Junior,Right,,11,ITA,https://static.fie.org/uploads/26/131843-Foto%20Corradino_page-0001.jpg,[],54092,Individual,Italy,ITA,ITA
46099,KLASIK Alicja,POLAND,Epee,Women,68.000,2004-02-14,Junior,Left,,12,POL,https://static.fie.org/uploads/27/139796-Athlete_Epee_Alicja_KLASIK.jpeg,[],46099,Individual,Poland,POL,POL
51749,SALAMON Reka,HUNGARY,Epee,Women,67.000,2004-02-15,Junior,Left,,13,HUN,https://static.fie.org/uploads/23/119365-Salamon%20R%C3%A9ka.jpg,[],51749,Individual,Hungary,HUN,HUN
55301,MAHFOUZ Farah,EGYPT,Epee,Women,66.000,2007-06-21,Junior,Right,,14,EGY,https://static.fie.org/uploads/27/136961-farah%20mahfouz.jpg,[],55301,Individual,Egypt,EGY,EGY
53294,GU Sarah,USA,Epee,Women,63.000,2006-06-06,Junior,Right,,15,USA,https://static.fie.org/uploads/28/141658-Gu%2C%20Sarah.jpg,[],53294,Individual,United States,USA,USA
51551,RUSTAMOVA Anastasiia,_AIN,Epee,Women,62.000,2005-05-06,Junior,Right,,16,_AIN,https://static.fie.org/uploads/23/118426-%20%D0%B0%D0%BD%D0%B0%D1%81%D1%82%D0%B0%D1%81%D0%B8%D1%8F.jpg,[],51551,Individual,,,
51633,KISHIMOTO Rin,JAPAN,Epee,Women,62.000,2005-11-15,Junior,Left,,17,JPN,https://static.fie.org/uploads/27/136748-JPN_ATHLETE_KISHIMOTO_RIN.jpg,[],51633,Individual,Japan,JPN,JPN
51885,KOLBENEVA Ekaterina,_AIN,Epee,Women,62.000,2004-12-13,Junior,Right,,18,_AIN,https://static.fie.org/uploads/24/120348-%20%D0%B5%D0%BA%D0%B0%D1%82%D0%B5%D1%80%D0%B8%D0%BD%D0%B0.jpg,[],51885,Individual,,,
49530,DOQUET Anaelle,FRANCE,Epee,Women,61.000,2005-01-06,Junior,Right,,19,FRA,https://static.fie.org/uploads/22/111860-DOQUET_Ana%C3%ABlle.jpg,[],49530,Individual,France,FRA,FRA
49400,TAREK Salma,EGYPT,Epee,Women,58.000,2004-12-09,Junior,Right,,20,EGY,https://static.fie.org/uploads/20/102596-salma%20tarek%20photo.png,[],49400,Individual,Egypt,EGY,EGY
6924,USA,USA,Epee,Women,408.000,,Junior,,,1,USA,US,[],6924,Team,United States,USA,USA
6958,HUNGARY,HUNGARY,Epee,Women,312.000,,Junior,,,2,HUN,HU,[],6958,Team,Hungary,HUN,HUN
6959,ITALY,ITALY,Epee,Women,309.000,,Junior,,,3,ITA,IT,[],6959,Team,Italy,ITA,ITA
6955,FRANCE,FRANCE,Epee,Women,288.000,,Junior,,,4,FRA,FR,[],6955,Team,France,FRA,FRA
6979,UKRAINE,UKRAINE,Epee,Women,274.000,,Junior,,,5,UKR,UA,[],6979,Team,Ukraine,UKR,UKR
6971,POLAND,POLAND,Epee,Women,268.000,,Junior,,,6,POL,PL,[],6971,Team,Poland,POL,POL
6925,UZBEKISTAN,UZBEKISTAN,Epee,Women,220.000,,Junior,,,7,UZB,UZ,[],6925,Team,Uzbekistan,UZB,UZB
6879,CHINA,CHINA,Epee,Women,220.000,,Junior,,,8,CHN,CN,[],6879,Team,"China, People's Republic of[4]",CHN,CHN
6957,GERMANY,GERMANY,Epee,Women,185.000,,Junior,,,9,GER,DE,[],6957,Team,Germany,GER,DEU
6929,COLOMBIA,COLOMBIA,Epee,Women,184.000,,Junior,,,10,COL,CO,[],6929,Team,Colombia,COL,COL
10990,BULGARIA,BULGARIA,Epee,Women,164.000,,Junior,,,11,BUL,BG,[],10990,Team,Bulgaria,BUL,BGR
6886,GREAT BRITAIN,GREAT BRITAIN,Epee,Women,163.000,,Junior,,,12,GBR,GB,[],6886,Team,United Kingdom[21],GBR,GBR
6884,ESTONIA,ESTONIA,Epee,Women,162.000,,Junior,,,13,EST,EE,[],6884,Team,Estonia,EST,EST
9044,SWITZERLAND,SWITZERLAND,Epee,Women,158.000,,Junior,,,14,SUI,CH,[],9044,Team,Switzerland,SUI,CHE
6878,CANADA,CANADA,Epee,Women,156.000,,Junior,,,15,CAN,CA,[],6878,Team,Canada,CAN,CAN
6923,TÜRKIYE,TÜRKIYE,Epee,Women,139.000,,Junior,,,16,TUR,TR,[],6923,Team,Turkey,TUR,TUR
9454,SPAIN,SPAIN,Epee,Women,133.000,,Junior,,,17,ESP,ES,[],9454,Team,Spain,ESP,ESP
6960,JAPAN,JAPAN,Epee,Women,131.000,,Junior,,,18,JPN,JP,[],6960,Team,Japan,JPN,JPN
6938,MEXICO,MEXICO,Epee,Women,114.000,,Junior,,,19,MEX,MX,[],6938,Team,Mexico,MEX,MEX
6961,KAZAKHSTAN,KAZAKHSTAN,Epee,Women,101.000,,Junior,,,20,KAZ,KZ,[],6961,Team,Kazakhstan,KAZ,KAZ
30878,CHEUNG Ka Long,"HONG KONG, CHINA",Foil,Men,252.000,1997-06-10,Senior,Left,,1,HKG,https://static.fie.org/uploads/27/138037-134634-kalong2.jpg,[],30878,Individual,Hong Kong[11],HKG,HKG
36441,ITKIN Nick,USA,Foil,Men,210.000,1999-10-09,Senior,Right,,2,USA,https://static.fie.org/uploads/33/169422-USA%20Fencing%202024%20Olympic%20Media%20Day%20-%20NYC%20-%20Timacheff%20-%200890.jpg,[],36441,Individual,United States,USA,USA
37194,HAMZA Mohamed,EGYPT,Foil,Men,193.000,2000-09-11,Senior,Left,,3,EGY,https://static.fie.org/uploads/32/163000-hamza.jpg,[],37194,Individual,Egypt,EGY,EGY
41142,MARINI Tommaso,ITALY,Foil,Men,182.000,2000-04-17,Senior,Right,,4,ITA,https://static.fie.org/uploads/34/170051-Marini%20Tommaso.jpg,[],41142,Individual,Italy,ITA,ITA
46543,IIMURA Kazuki,JAPAN,Foil,Men,177.000,2003-12-27,Senior,Right,,5,JPN,https://static.fie.org/uploads/28/144872-JPN_ATHLETE_IIMURA_KAZUKI_2022.jpg,[],46543,Individual,Japan,JPN,JPN
32275,BIANCHI Guillaume,ITALY,Foil,Men,171.000,1997-07-30,Senior,Right,,6,ITA,https://static.fie.org/uploads/34/170018-Bianchi%20Guillaume.jpg,[],32275,Individual,Italy,ITA,ITA
45453,MACCHI Filippo,ITALY,Foil,Men,170.000,2001-09-19,Senior,Left,,7,ITA,https://static.fie.org/uploads/34/170049-Macchi%20Filippo.jpg,[],45453,Individual,Italy,ITA,ITA
21958,MASSIALAS Alexander,USA,Foil,Men,148.000,1994-04-20,Senior,Right,172,8,USA,https://static.fie.org/uploads/33/169424-USA%20Fencing%202024%20Olympic%20Media%20Day%20-%20NYC%20-%20Timacheff%20-%200796.jpg,[],21958,Individual,United States,USA,USA
22555,LEFORT Enzo,FRANCE,Foil,Men,145.000,1991-09-29,Senior,Right,,9,FRA,https://static.fie.org/uploads/9/49059-39.jpg,[],22555,Individual,France,FRA,FRA
29076,MATSUYAMA Kyosuke,JAPAN,Foil,Men,140.000,1996-12-19,Senior,Left,,10,JPN,https://static.fie.org/uploads/31/159287-JPN_ATHLETE_MATSUYAMA_KYOSUKE_2023_1.jpg,[],29076,Individual,Japan,JPN,JPN
21765,CHOUPENITCH Alexander,CZECHIA,Foil,Men,138.000,1994-05-02,Senior,Right,,11,CZE,https://static.fie.org/uploads/27/139390-CHOUPENITCH_Alexandr.jpg,[],21765,Individual,Czech Republic,CZE,CZE
14397,MEINHARDT Gerek,USA,Foil,Men,136.000,1990-07-27,Senior,Right,183,12,USA,https://static.fie.org/uploads/33/169425-USA%20Fencing%202024%20Olympic%20Media%20Day%20-%20NYC%20-%20Timacheff%20-%200938.jpg,[],14397,Individual,United States,USA,USA
15860,FOCONI Alessio,ITALY,Foil,Men,114.000,1989-11-22,Senior,Right,,13,ITA,https://static.fie.org/uploads/34/170037-Foconi%20Alessio.jpg,[],15860,Individual,Italy,ITA,ITA
40236,MO Ziwei,CHINA,Foil,Men,111.000,1996-12-30,Senior,Right,,14,CHN,https://static.fie.org/uploads/31/158545-%E8%8E%AB%E6%A2%93%E7%BB%B43.jpg,[],40236,Individual,"China, People's Republic of[4]",CHN,CHN
21966,LLAVADOR Carlos,SPAIN,Foil,Men,99.000,1992-04-26,Senior,Left,,15,ESP,https://static.fie.org/uploads/33/165113-LLAVADOR_FERNANDEZ_CARLOS_PAM478161.jpg,[],21966,Individual,Spain,ESP,ESP
25513,PAUTY Maxime,FRANCE,Foil,Men,93.500,1993-06-20,Senior,Right,,16,FRA,https://static.fie.org/uploads/8/44515-FHS%20MAXIME%20PAUTY%20FH%20%282%29.jpg,[],25513,Individual,France,FRA,FRA
29031,DOSA Daniel,HUNGARY,Foil,Men,82.000,1996-01-19,Senior,Left,,17,HUN,https://static.fie.org/uploads/21/107493-D%C3%A1niel%20D%C3%93SA.jpg,[],29031,Individual,Hungary,HUN,HUN
31919,SHIKINE Takahiro,JAPAN,Foil,Men,79.000,1997-12-07,Senior,Right,,18,JPN,https://static.fie.org/uploads/23/116959-JPN_AHLETE_SHIKINE_TAKAHIRO.jpg,[],31919,Individual,Japan,JPN,JPN
52953,TOLBA Abdelrahman,EGYPT,Foil,Men,74.000,2007-07-29,Senior,Right,,19,EGY,https://static.fie.org/uploads/34/170371-WhatsApp%20Image%202024-06-04%20at%201.43.22%20PM.jpeg,[],52953,Individual,Egypt,EGY,EGY
31438,CHOI Chun Yin Ryan,"HONG KONG, CHINA",Foil,Men,65.000,1997-10-09,Senior,Left,,20,HKG,https://static.fie.org/uploads/23/117988-HKG_Athlete_Choi%20Chun%20Yin%20Ryan.jpg,[],31438,Individual,Hong Kong[11],HKG,HKG
6959,ITALY,ITALY,Foil,Men,376.000,,Senior,,,1,ITA,IT,[],6959,Team,Italy,ITA,ITA
6960,JAPAN,JAPAN,Foil,Men,360.000,,Senior,,,2,JPN,JP,[],6960,Team,Japan,JPN,JPN
6924,USA,USA,Foil,Men,312.000,,Senior,,,3,USA,US,[],6924,Team,United States,USA,USA
6955,FRANCE,FRANCE,Foil,Men,302.000,,Senior,,,4,FRA,FR,[],6955,Team,France,FRA,FRA
6879,CHINA,CHINA,Foil,Men,264.000,,Senior,,,5,CHN,CN,[],6879,Team,"China, People's Republic of[4]",CHN,CHN
9593,EGYPT,EGYPT,Foil,Men,224.000,,Senior,,,6,EGY,EG,[],9593,Team,Egypt,EGY,EGY
6971,POLAND,POLAND,Foil,Men,210.000,,Senior,,,7,POL,PL,[],6971,Team,Poland,POL,POL
6888,"HONG KONG, CHINA","HONG KONG, CHINA",Foil,Men,208.000,,Senior,,,8,HKG,HK,[],6888,Team,Hong Kong[11],HKG,HKG
8860,KOREA,KOREA,Foil,Men,170.000,,Senior,,,9,KOR,KR,[],8860,Team,"Korea, Republic of (South)[14]",KOR,KOR
6878,CANADA,CANADA,Foil,Men,166.000,,Senior,,,10,CAN,CA,[],6878,Team,Canada,CAN,CAN
6958,HUNGARY,HUNGARY,Foil,Men,154.000,,Senior,,,11,HUN,HU,[],6958,Team,Hungary,HUN,HUN
6886,GREAT BRITAIN,GREAT BRITAIN,Foil,Men,126.000,,Senior,,,12,GBR,GB,[],6886,Team,United Kingdom[21],GBR,GBR
6957,GERMANY,GERMANY,Foil,Men,125.000,,Senior,,,13,GER,DE,[],6957,Team,Germany,GER,DEU
6949,BELGIUM,BELGIUM,Foil,Men,117.000,,Senior,,,14,BEL,BE,[],6949,Team,Belgium,BEL,BEL
6951,BRAZIL,BRAZIL,Foil,Men,98.000,,Senior,,,15,BRA,BR,[],6951,Team,Brazil,BRA,BRA
9454,SPAIN,SPAIN,Foil,Men,95.000,,Senior,,,16,ESP,ES,[],9454,Team,Spain,ESP,ESP
6979,UKRAINE,UKRAINE,Foil,Men,93.000,,Senior,,,17,UKR,UA,[],6979,Team,Ukraine,UKR,UKR
6916,SINGAPORE,SINGAPORE,Foil,Men,92.000,,Senior,,,18,SGP,SG,[],6916,Team,Singapore,SGP,SGP
8445,AUSTRIA,AUSTRIA,Foil,Men,80.000,,Senior,,,19,AUT,AT,[],8445,Team,Austria,AUT,AUT
14877,MOROCCO,MOROCCO,Foil,Men,52.000,,Senior,,,20,MAR,MA,[],14877,Team,Morocco,MAR,MAR
21717,KIEFER Lee,USA,Foil,Women,322.000,1994-06-15,Senior,Right,163,1,USA,https://static.fie.org/uploads/33/169763-thumbnail_image001.jpg,[],21717,Individual,United States,USA,USA
41862,FAVARETTO Martina,ITALY,Foil,Women,223.000,2001-11-15,Senior,Right,,2,ITA,https://static.fie.org/uploads/34/170034-Favaretto%20Martina.jpg,[],41862,Individual,Italy,ITA,ITA
9377,ERRIGO Arianna,ITALY,Foil,Women,219.000,1988-06-06,Senior,Left,,3,ITA,https://static.fie.org/uploads/34/170033-Errigo%20Arianna.jpeg,[],9377,Individual,Italy,ITA,ITA
42855,SCRUGGS Lauren,USA,Foil,Women,171.000,2003-01-27,Senior,Left,,4,USA,https://static.fie.org/uploads/33/169428-USA%20Fencing%202024%20Olympic%20Media%20Day%20-%20NYC%20-%20Timacheff%20-%200604.jpg,[],42855,Individual,United States,USA,USA
19878,VOLPI Alice,ITALY,Foil,Women,168.000,1992-04-15,Senior,Right,,5,ITA,https://static.fie.org/uploads/34/170077-Volpi%20Alice.jpeg,[],19878,Individual,Italy,ITA,ITA
30327,WALCZYK-KLIMASZYK Julia,POLAND,Foil,Women,154.000,1997-10-28,Senior,Right,,6,POL,https://static.fie.org/uploads/21/105050-Walczyk%20Julia.jpg,[],30327,Individual,Poland,POL,POL
48393,GUO Jessica Zi Jia,CANADA,Foil,Women,150.000,2005-06-23,Senior,Left,,7,CAN,https://static.fie.org/uploads/31/157075-CANADA_Jessica_Guo_Athlete.jpeg,[],48393,Individual,Canada,CAN,CAN
23398,HARVEY Eleanor,CANADA,Foil,Women,141.000,1995-01-14,Senior,Left,,8,CAN,https://static.fie.org/uploads/31/157074-CANADA_Eleanor_Harvey_Athlete.jpeg,[],23398,Individual,Canada,CAN,CAN
17481,SAUER Anne,GERMANY,Foil,Women,139.000,1991-04-01,Senior,Right,,9,GER,https://static.fie.org/uploads/33/169714-Sauer.jpg,[],17481,Individual,Germany,GER,DEU
34890,CHEN Qingyuan,CHINA,Foil,Women,126.000,1997-02-15,Senior,Right,,10,CHN,https://static.fie.org/uploads/22/110962-.jpg,[],34890,Individual,"China, People's Republic of[4]",CHN,CHN
28081,DUBROVICH Jacqueline,USA,Foil,Women,108.000,1994-07-18,Senior,Right,178,11,USA,https://static.fie.org/uploads/34/170250-Jackie%20Dubrovich%202024%20Headshot.jpg,[],28081,Individual,United States,USA,USA
12590,BATINI Martina,ITALY,Foil,Women,97.000,1989-04-17,Senior,Right,,12,ITA,https://static.fie.org/uploads/34/170015-Batini%20Martina.jpg,[],12590,Individual,Italy,ITA,ITA
25514,RANVIER Pauline,FRANCE,Foil,Women,94.000,1994-04-14,Senior,Right,,13,FRA,https://static.fie.org/uploads/28/140562-WomenFoil%20RANVIER%20Pauline.jpg,[],25514,Individual,France,FRA,FRA
39244,UENO Yuka,JAPAN,Foil,Women,86.000,2001-11-28,Senior,Right,,14,JPN,https://static.fie.org/uploads/31/156619-JPN_ATHLETE_UENO_YUKA_2023%284%29.jpg,[],39244,Individual,Japan,JPN,JPN
38837,LACHERAY Eva,FRANCE,Foil,Women,80.000,2000-03-11,Senior,Left,,15,FRA,https://static.fie.org/uploads/18/94011-LACHERAY.png,[],38837,Individual,France,FRA,FRA
33780,PASZTOR Flora,HUNGARY,Foil,Women,78.000,1998-06-30,Senior,Right,,16,HUN,https://static.fie.org/uploads/21/107509-Fl%C3%B3ra%20P%C3%81SZTOR.jpg,[],33780,Individual,Hungary,HUN,HUN
39631,WEINTRAUB Maia Mei,USA,Foil,Women,77.000,2002-10-24,Senior,Right,,17,USA,https://static.fie.org/uploads/33/169431-USA%20Fencing%202024%20Olympic%20Media%20Day%20-%20NYC%20-%20Timacheff%20-%200749.jpg,[],39631,Individual,United States,USA,USA
40025,AZUMA Sera,JAPAN,Foil,Women,75.000,1999-08-20,Senior,Right,,18,JPN,https://static.fie.org/uploads/21/107434-JPN_AZUMA_Sera_ATHLETE.jpg,[],40025,Individual,Japan,JPN,JPN
43551,HUANG Qianqian,CHINA,Foil,Women,74.000,2002-02-23,Senior,Left,,19,CHN,https://static.fie.org/uploads/26/131440-HUANGQIANQIAN.jpg,[],43551,Individual,"China, People's Republic of[4]",CHN,CHN
35208,HONG Sena,KOREA,Foil,Women,69.000,1998-10-04,Senior,Left,,20,KOR,https://static.fie.org/uploads/5/29590--%EC%97%AC%EC%9E%90%ED%94%8C%EB%9F%AC%EB%A0%88%20%ED%99%8D%EC%84%B8%EB%82%98.jpg,[],35208,Individual,"Korea, Republic of (South)[14]",KOR,KOR
6959,ITALY,ITALY,Foil,Women,412.000,,Senior,,,1,ITA,IT,[],6959,Team,Italy,ITA,ITA
6924,USA,USA,Foil,Women,396.000,,Senior,,,2,USA,US,[],6924,Team,United States,USA,USA
6960,JAPAN,JAPAN,Foil,Women,300.000,,Senior,,,3,JPN,JP,[],6960,Team,Japan,JPN,JPN
6955,FRANCE,FRANCE,Foil,Women,270.000,,Senior,,,4,FRA,FR,[],6955,Team,France,FRA,FRA
6971,POLAND,POLAND,Foil,Women,254.000,,Senior,,,5,POL,PL,[],6971,Team,Poland,POL,POL
6878,CANADA,CANADA,Foil,Women,247.000,,Senior,,,6,CAN,CA,[],6878,Team,Canada,CAN,CAN
6879,CHINA,CHINA,Foil,Women,220.000,,Senior,,,7,CHN,CN,[],6879,Team,"China, People's Republic of[4]",CHN,CHN
9593,EGYPT,EGYPT,Foil,Women,161.000,,Senior,,,8,EGY,EG,[],9593,Team,Egypt,EGY,EGY
6958,HUNGARY,HUNGARY,Foil,Women,154.000,,Senior,,,9,HUN,HU,[],6958,Team,Hungary,HUN,HUN
8860,KOREA,KOREA,Foil,Women,151.000,,Senior,,,10,KOR,KR,[],8860,Team,"Korea, Republic of (South)[14]",KOR,KOR
6979,UKRAINE,UKRAINE,Foil,Women,140.000,,Senior,,,11,UKR,UA,[],6979,Team,Ukraine,UKR,UKR
6957,GERMANY,GERMANY,Foil,Women,127.000,,Senior,,,12,GER,DE,[],6957,Team,Germany,GER,DEU
6888,"HONG KONG, CHINA","HONG KONG, CHINA",Foil,Women,125.000,,Senior,,,13,HKG,HK,[],6888,Team,Hong Kong[11],HKG,HKG
9454,SPAIN,SPAIN,Foil,Women,125.000,,Senior,,,14,ESP,ES,[],9454,Team,Spain,ESP,ESP
8445,AUSTRIA,AUSTRIA,Foil,Women,123.000,,Senior,,,15,AUT,AT,[],8445,Team,Austria,AUT,AUT
6916,SINGAPORE,SINGAPORE,Foil,Women,118.000,,Senior,,,16,SGP,SG,[],6916,Team,Singapore,SGP,SGP
6895,ISRAEL,ISRAEL,Foil,Women,54.000,,Senior,,,17,ISR,IL,[],6895,Team,Israel,ISR,ISR
6978,TUNISIA,TUNISIA,Foil,Women,52.000,,Senior,,,18,TUN,TN,[],6978,Team,Tunisia,TUN,TUN
6974,ROMANIA,ROMANIA,Foil,Women,52.000,,Senior,,,19,ROU,RO,[],6974,Team,Romania,ROU,ROU
6951,BRAZIL,BRAZIL,Foil,Women,48.000,,Senior,,,20,BRA,BR,[],6951,Team,Brazil,BRA,BRA
49004,EMMER Chase,USA,Foil,Men,136.000,2004-07-11,Junior,Right,,1,USA,https://static.fie.org/uploads/29/145499-Emmer%2C%20Chase.jpg,[],49004,Individual,United States,USA,USA
54324,SOSNOV David,GREAT BRITAIN,Foil,Men,131.000,2006-05-20,Junior,Left,,2,GBR,https://static.fie.org/uploads/27/135381-SOSNOV_david_GBR_athlete.jpg,[],54324,Individual,United Kingdom[21],GBR,GBR
57422,KUMBLA Samarth,USA,Foil,Men,128.000,2004-09-29,Junior,Right,,3,USA,https://static.fie.org/uploads/29/145127-Kumbla%2C%20Samarth.jpg,[],57422,Individual,United States,USA,USA
49523,CHAGNON Eliot,FRANCE,Foil,Men,125.000,2004-07-09,Junior,Right,,4,FRA,https://static.fie.org/uploads/31/158683-photo%20chagnon%20fie.jpg,[],49523,Individual,France,FRA,FRA
55145,FUKUDA Ryosuke,JAPAN,Foil,Men,102.000,2004-09-15,Junior,Right,,5,JPN,https://static.fie.org/uploads/32/161711-JPN_ATHLETE_FUKUDA_RYOSUKE.jpg,[],55145,Individual,Japan,JPN,JPN
50822,ZHANG Daniel,USA,Foil,Men,100.000,2004-09-16,Junior,Right,,6,USA,https://static.fie.org/uploads/22/113151-Zhang%2C%20Daniel.jpg,[],50822,Individual,United States,USA,USA
52953,TOLBA Abdelrahman,EGYPT,Foil,Men,97.000,2007-07-29,Junior,Right,,7,EGY,https://static.fie.org/uploads/34/170371-WhatsApp%20Image%202024-06-04%20at%201.43.22%20PM.jpeg,[],52953,Individual,Egypt,EGY,EGY
47981,COOK Jaimie,GREAT BRITAIN,Foil,Men,82.000,2005-01-15,Junior,Right,,8,GBR,https://static.fie.org/uploads/27/135369-COOK_JAIMIE_GBR_ATHLETE.jpg,[],47981,Individual,United Kingdom[21],GBR,GBR
54824,CHEN Andrew,USA,Foil,Men,80.000,2005-10-31,Junior,Left,,9,USA,https://static.fie.org/uploads/27/136069-IMG-0282.jpg,[],54824,Individual,United States,USA,USA
53653,SCHEMBRI Kruz,VIRGIN ISLANDS,Foil,Men,77.000,2006-10-25,Junior,Right,,10,ISV,https://static.fie.org/uploads/33/169497-caa9824f-e23f-417e-836d-a38e461ec85d.jpg,[],53653,Individual,United States Virgin Islands[22],ISV,VIR
51806,BAGDANY Albert,HUNGARY,Foil,Men,71.000,2005-04-26,Junior,Right,,11,HUN,https://static.fie.org/uploads/23/119815-Bagd%C3%A1ny%20Albert.jpg,[],51806,Individual,Hungary,HUN,HUN
53751,IACOMONI Matteo,ITALY,Foil,Men,68.500,2005-10-17,Junior,Right,,12,ITA,https://static.fie.org/uploads/26/130579-IACOMONI%20Matteo%20-%20foto.jpg,[],53751,Individual,Italy,ITA,ITA
49688,UM Ethan,USA,Foil,Men,68.000,2005-01-11,Junior,Right,,13,USA,https://static.fie.org/uploads/30/153081-ethan.jpg,[],49688,Individual,United States,USA,USA
58620,GUO Yifan,CHINA,Foil,Men,67.000,2006-03-01,Junior,Right,,14,CHN,https://static.fie.org/uploads/30/151024-%E7%94%B7%E8%8A%B1%E9%83%AD%E4%B8%80%E5%87%A1%E5%8F%B3.jpg,[],58620,Individual,"China, People's Republic of[4]",CHN,CHN
59671,ZHAO Mianyue,CHINA,Foil,Men,67.000,2004-06-11,Junior,Right,,15,CHN,https://static.fie.org/uploads/31/155331-%E8%B5%B5%E7%BB%B5%E8%B6%8A.jpg,[],59671,Individual,"China, People's Republic of[4]",CHN,CHN
57660,LI Richard,USA,Foil,Men,64.000,2007-04-11,Junior,Right,,16,USA,https://static.fie.org/uploads/29/145971-Li%2C%20Richard.jpg,[],57660,Individual,United States,USA,USA
53930,HELMY-COCOYNACQ Adrien,FRANCE,Foil,Men,64.000,2005-01-26,Junior,Right,,17,FRA,https://static.fie.org/uploads/33/167164-Helmy-Cocoynacq%20Adrien%20%281%29.jpg,[],53930,Individual,France,FRA,FRA
52375,GEUDVERT Oscar,BELGIUM,Foil,Men,62.500,2004-11-13,Junior,Left,,18,BEL,https://static.fie.org/uploads/27/138825-Geudvert%20Oscar%20%2852375%29.jpg,[],52375,Individual,Belgium,BEL,BEL
51470,ANANE Anas,FRANCE,Foil,Men,62.000,2004-05-13,Junior,Right,,19,FRA,https://static.fie.org/uploads/30/153474-PHOTO%20DOSSIER%20ANAS.jpg,[],51470,Individual,France,FRA,FRA
51055,FAZEKAS Arpad,SLOVAKIA,Foil,Men,56.000,2004-05-08,Junior,Right,,20,SVK,https://static.fie.org/uploads/32/163863-FAZEKAS%20Arpad.jpg,[],51055,Individual,Slovakia,SVK,SVK
6924,USA,USA,Foil,Men,448.000,,Junior,,,1,USA,US,[],6924,Team,United States,USA,USA
6959,ITALY,ITALY,Foil,Men,376.000,,Junior,,,2,ITA,IT,[],6959,Team,Italy,ITA,ITA
6955,FRANCE,FRANCE,Foil,Men,304.000,,Junior,,,3,FRA,FR,[],6955,Team,France,FRA,FRA
6888,"HONG KONG, CHINA","HONG KONG, CHINA",Foil,Men,248.000,,Junior,,,4,HKG,HK,[],6888,Team,Hong Kong[11],HKG,HKG
6958,HUNGARY,HUNGARY,Foil,Men,234.000,,Junior,,,5,HUN,HU,[],6958,Team,Hungary,HUN,HUN
6925,UZBEKISTAN,UZBEKISTAN,Foil,Men,225.000,,Junior,,,6,UZB,UZ,[],6925,Team,Uzbekistan,UZB,UZB
6918,SLOVAKIA,SLOVAKIA,Foil,Men,222.000,,Junior,,,7,SVK,SK,[],6918,Team,Slovakia,SVK,SVK
6879,CHINA,CHINA,Foil,Men,221.000,,Junior,,,8,CHN,CN,[],6879,Team,"China, People's Republic of[4]",CHN,CHN
6916,SINGAPORE,SINGAPORE,Foil,Men,219.000,,Junior,,,9,SGP,SG,[],6916,Team,Singapore,SGP,SGP
6886,GREAT BRITAIN,GREAT BRITAIN,Foil,Men,217.000,,Junior,,,10,GBR,GB,[],6886,Team,United Kingdom[21],GBR,GBR
6971,POLAND,POLAND,Foil,Men,204.000,,Junior,,,11,POL,PL,[],6971,Team,Poland,POL,POL
6979,UKRAINE,UKRAINE,Foil,Men,180.000,,Junior,,,12,UKR,UA,[],6979,Team,Ukraine,UKR,UKR
6960,JAPAN,JAPAN,Foil,Men,172.000,,Junior,,,13,JPN,JP,[],6960,Team,Japan,JPN,JPN
6969,NETHERLANDS,NETHERLANDS,Foil,Men,169.000,,Junior,,,14,NED,NL,[],6969,Team,Netherlands,NED,NLD
6957,GERMANY,GERMANY,Foil,Men,142.000,,Junior,,,15,GER,DE,[],6957,Team,Germany,GER,DEU
8860,KOREA,KOREA,Foil,Men,140.000,,Junior,,,16,KOR,KR,[],8860,Team,"Korea, Republic of (South)[14]",KOR,KOR
6878,CANADA,CANADA,Foil,Men,126.000,,Junior,,,17,CAN,CA,[],6878,Team,Canada,CAN,CAN
6882,DENMARK,DENMARK,Foil,Men,125.000,,Junior,,,18,DEN,DK,[],6882,Team,Denmark,DEN,DNK
6961,KAZAKHSTAN,KAZAKHSTAN,Foil,Men,122.000,,Junior,,,19,KAZ,KZ,[],6961,Team,Kazakhstan,KAZ,KAZ
9593,EGYPT,EGYPT,Foil,Men,117.000,,Junior,,,20,EGY,EG,[],9593,Team,Egypt,EGY,EGY
54286,PINNA Vittoria,ITALY,Foil,Women,137.000,2006-07-03,Junior,Left,,1,ITA,https://static.fie.org/uploads/33/169378-PINNA%20Vittoria.jpeg,[],54286,Individual,Italy,ITA,ITA
54283,BERTINI Irene,ITALY,Foil,Women,137.000,2004-08-19,Junior,Right,,2,ITA,https://static.fie.org/uploads/26/132555-BERTINI%20Irene%20foto.jpg,[],54283,Individual,Italy,ITA,ITA
54285,MOLINARI Matilde,ITALY,Foil,Women,116.000,2005-01-12,Junior,Left,,3,ITA,https://static.fie.org/uploads/30/150127-IMG_8558.jpg,[],54285,Individual,Italy,ITA,ITA
52081,KIM Katherine,USA,Foil,Women,98.000,2005-11-11,Junior,Right,,4,USA,https://static.fie.org/uploads/24/121282-ED386F6B-054E-4CAB-A699-BD11A6681478.jpeg,[],52081,Individual,United States,USA,USA
51087,DINCA Andreea,ROMANIA,Foil,Women,87.000,2005-09-03,Junior,Right,,5,ROU,https://static.fie.org/uploads/23/115286-Dinca.jpeg,[],51087,Individual,Romania,ROU,ROU
61364,JIAO Enqi,CHINA,Foil,Women,84.500,2006-01-18,Junior,Left,,6,CHN,https://static.fie.org/uploads/32/163019-CHN-Athlete-JIAO-Enqi.jpg,[],61364,Individual,"China, People's Republic of[4]",CHN,CHN
48393,GUO Jessica Zi Jia,CANADA,Foil,Women,80.000,2005-06-23,Junior,Left,,7,CAN,https://static.fie.org/uploads/31/157075-CANADA_Jessica_Guo_Athlete.jpeg,[],48393,Individual,Canada,CAN,CAN
57416,LIU Jaelyn,USA,Foil,Women,78.000,2009-03-12,Junior,Right,,8,USA,https://static.fie.org/uploads/29/145113-Liu%2C%20Jaelyn.jpg,[],57416,Individual,United States,USA,USA
53412,JING Emily,USA,Foil,Women,78.000,2007-05-13,Junior,Right,,9,USA,https://static.fie.org/uploads/30/151087-jing.jpg,[],53412,Individual,United States,USA,USA
51805,NAGASE Rino,JAPAN,Foil,Women,78.000,2005-12-17,Junior,Right,,10,JPN,https://static.fie.org/uploads/32/161694-JPN_ATHLETE_NAGASE_RINO_2023.jpg,[],51805,Individual,Japan,JPN,JPN
53828,ROGER Garance,FRANCE,Foil,Women,78.000,2005-01-14,Junior,Right,,11,FRA,https://static.fie.org/uploads/33/166166-Roger%20Garance.jpg,[],53828,Individual,France,FRA,FRA
61064,VOLOBUEVA Polina,_AIN,Foil,Women,77.000,2007-01-31,Junior,Right,,12,_AIN,https://static.fie.org/uploads/32/161592-pol_page-0001.jpg,[],61064,Individual,,,
52109,CHUSID Mikayla,USA,Foil,Women,73.000,2007-01-10,Junior,Left,,13,USA,https://static.fie.org/uploads/24/121370-E6CA793E-4781-4991-88E6-2C433CA50783.jpeg,[],52109,Individual,United States,USA,USA
59717,XU Ziyi,CHINA,Foil,Women,72.000,2007-01-22,Junior,Right,,14,CHN,https://static.fie.org/uploads/31/155698-5.jpg,[],59717,Individual,"China, People's Republic of[4]",CHN,CHN
48584,PETROVA Kristina,UKRAINE,Foil,Women,70.000,2005-02-11,Junior,Right,,15,UKR,https://static.fie.org/uploads/20/100161-Kristina%20Petrova%20UKR.jpg,[],48584,Individual,Ukraine,UKR,UKR
58433,PEVZNER Victoria,USA,Foil,Women,68.000,2006-07-16,Junior,Right,,16,USA,https://static.fie.org/uploads/30/150017-Victoria%20Headshot%202.jpeg,[],58433,Individual,United States,USA,USA
57300,COLLINI Greta,ITALY,Foil,Women,68.000,2006-11-02,Junior,Left,,17,ITA,https://static.fie.org/uploads/28/144621-COLLINI%20Greta.jpg,[],57300,Individual,Italy,ITA,ITA
52803,BEZNOSIKOVA Anastasia,_AIN,Foil,Women,64.000,2004-12-16,Junior,Left,,18,_AIN,https://static.fie.org/uploads/25/125557-%20%D0%B0%D0%BD%D0%B0%D1%81%D1%82%D0%B0%D1%81%D0%B8%D1%8F.jpg,[],52803,Individual,,,
53824,AUDIBERT Alicia,FRANCE,Foil,Women,64.000,2005-07-28,Junior,Right,,19,FRA,https://static.fie.org/uploads/30/152602-Photo%20ID%20AliciaAUDIBERT.jpg,[],53824,Individual,France,FRA,FRA
48703,STUTCHBURY Carolina,GREAT BRITAIN,Foil,Women,58.000,2005-10-23,Junior,Right,,20,GBR,https://static.fie.org/uploads/27/137649-stutchbury2.jpeg,[],48703,Individual,United Kingdom[21],GBR,GBR
6959,ITALY,ITALY,Foil,Women,392.000,,Junior,,,1,ITA,IT,[],6959,Team,Italy,ITA,ITA
6924,USA,USA,Foil,Women,340.000,,Junior,,,2,USA,US,[],6924,Team,United States,USA,USA
6955,FRANCE,FRANCE,Foil,Women,332.000,,Junior,,,3,FRA,FR,[],6955,Team,France,FRA,FRA
6960,JAPAN,JAPAN,Foil,Women,264.000,,Junior,,,4,JPN,JP,[],6960,Team,Japan,JPN,JPN
6971,POLAND,POLAND,Foil,Women,256.000,,Junior,,,5,POL,PL,[],6971,Team,Poland,POL,POL
6958,HUNGARY,HUNGARY,Foil,Women,244.000,,Junior,,,6,HUN,HU,[],6958,Team,Hungary,HUN,HUN
6879,CHINA,CHINA,Foil,Women,234.000,,Junior,,,7,CHN,CN,[],6879,Team,"China, People's Republic of[4]",CHN,CHN
6888,"HONG KONG, CHINA","HONG KONG, CHINA",Foil,Women,222.000,,Junior,,,8,HKG,HK,[],6888,Team,Hong Kong[11],HKG,HKG
6974,ROMANIA,ROMANIA,Foil,Women,218.000,,Junior,,,9,ROU,RO,[],6974,Team,Romania,ROU,ROU
6886,GREAT BRITAIN,GREAT BRITAIN,Foil,Women,200.000,,Junior,,,10,GBR,GB,[],6886,Team,United Kingdom[21],GBR,GBR
6961,KAZAKHSTAN,KAZAKHSTAN,Foil,Women,169.000,,Junior,,,11,KAZ,KZ,[],6961,Team,Kazakhstan,KAZ,KAZ
6925,UZBEKISTAN,UZBEKISTAN,Foil,Women,158.000,,Junior,,,12,UZB,UZ,[],6925,Team,Uzbekistan,UZB,UZB
6979,UKRAINE,UKRAINE,Foil,Women,157.000,,Junior,,,13,UKR,UA,[],6979,Team,Ukraine,UKR,UKR
6957,GERMANY,GERMANY,Foil,Women,155.000,,Junior,,,14,GER,DE,[],6957,Team,Germany,GER,DEU
6916,SINGAPORE,SINGAPORE,Foil,Women,136.000,,Junior,,,15,SGP,SG,[],6916,Team,Singapore,SGP,SGP
6881,CZECHIA,CZECHIA,Foil,Women,122.000,,Junior,,,16,CZE,CZ,[],6881,Team,Czech Republic,CZE,CZE
6966,MOLDOVA,MOLDOVA,Foil,Women,116.000,,Junior,,,17,MDA,MD,[],6966,Team,Moldova,MDA,MDA
6878,CANADA,CANADA,Foil,Women,113.000,,Junior,,,18,CAN,CA,[],6878,Team,Canada,CAN,CAN
8860,KOREA,KOREA,Foil,Women,112.000,,Junior,,,19,KOR,KR,[],8860,Team,"Korea, Republic of (South)[14]",KOR,KOR
6938,MEXICO,MEXICO,Foil,Women,108.000,,Junior,,,20,MEX,MX,[],6938,Team,Mexico,MEX,MEX
36990,OH Sanguk,KOREA,Sabre,Men,247.000,1996-09-30,Senior,Right,,1,KOR,https://static.fie.org/uploads/21/105031-OH%20Sanguk.jpg,[],36990,Individual,"Korea, Republic of (South)[14]",KOR,KOR
26859,ELSISSY Ziad,EGYPT,Sabre,Men,192.000,1994-12-15,Senior,Right,173,2,EGY,https://static.fie.org/uploads/25/127414-ziad%20elsissy.jpg,[],26859,Individual,Egypt,EGY,EGY
32326,FERJANI Fares,TUNISIA,Sabre,Men,186.000,1997-07-22,Senior,Right,175,3,TUN,https://static.fie.org/uploads/20/101443-fares%20001.jpg,[],32326,Individual,Tunisia,TUN,TUN
9746,SAMELE Luigi,ITALY,Sabre,Men,183.000,1987-07-25,Senior,Left,,4,ITA,https://static.fie.org/uploads/34/170066-Samele%20Luigi.jpg,[],9746,Individual,Italy,ITA,ITA
17458,SZABO Matyas,GERMANY,Sabre,Men,157.000,1991-08-19,Senior,Right,,5,GER,https://static.fie.org/uploads/33/169608-M.Szabo.jpg,[],17458,Individual,Germany,GER,DEU
43135,PATRICE Sebastien,FRANCE,Sabre,Men,156.000,2000-04-07,Senior,Right,,6,FRA,https://static.fie.org/uploads/28/140557-MenSable%20PATRICE%20Sebastien.jpg,[],43135,Individual,France,FRA,FRA
50015,HEATHCOCK Colin,USA,Sabre,Men,150.000,2005-12-20,Senior,Right,,7,USA,https://static.fie.org/uploads/33/169419-USA%20Fencing%202024%20Olympic%20Media%20Day%20-%20NYC%20-%20Timacheff%20-%200451.jpg,[],50015,Individual,United States,USA,USA
9733,APITHY Bolade,FRANCE,Sabre,Men,145.000,1985-08-21,Senior,Right,,8,FRA,https://static.fie.org/uploads/28/140552-MenSable%20APITHY%20Bolade.jpg,[],9733,Individual,France,FRA,FRA
22559,BAZADZE Sandro,GEORGIA,Sabre,Men,139.000,1993-07-29,Senior,Right,,9,GEO,https://static.fie.org/uploads/32/160174-IMG_6101.jpeg,[],22559,Individual,Georgia,GEO,GEO
24460,CURATOLI Luca,ITALY,Sabre,Men,133.000,1994-07-25,Senior,Left,,10,ITA,https://static.fie.org/uploads/34/170029-Curatoli%20Luca.jpg,[],24460,Individual,Italy,ITA,ITA
22252,PAKDAMAN Ali,IRAN,Sabre,Men,127.000,1990-08-23,Senior,Right,176,11,IRI,https://static.fie.org/uploads/18/94903-1D74CC2F-FE9E-4DF8-9E98-B8A22C263532.jpeg,[],22252,Individual,Iran,IRI,IRN
13741,SZILAGYI Aron,HUNGARY,Sabre,Men,120.000,1990-01-14,Senior,Right,,12,HUN,https://static.fie.org/uploads/21/107486-ron%20SZIL%C3%81GYI.jpg,[],13741,Individual,Hungary,HUN,HUN
31118,AMER Mohamed,EGYPT,Sabre,Men,114.000,1997-12-18,Senior,Right,175,13,EGY,https://static.fie.org/uploads/25/127429-thumbnail_mohamed%20amer.jpg,[],31118,Individual,Egypt,EGY,EGY
45730,MOATAZ Adham,EGYPT,Sabre,Men,113.000,2003-04-23,Senior,Right,,14,EGY,https://static.fie.org/uploads/26/133527-adham%20moataz%20photot.jpeg,[],45730,Individual,Egypt,EGY,EGY
40439,PIANFETTI Maxime,FRANCE,Sabre,Men,108.000,1999-03-15,Senior,Right,,15,FRA,https://static.fie.org/uploads/28/140556-MenSable%20PIANFETTI%20Maxime.jpg,[],40439,Individual,France,FRA,FRA
42997,GALLO Michele,ITALY,Sabre,Men,105.000,2001-05-18,Senior,Right,,16,ITA,https://static.fie.org/uploads/34/170040-Gallo%20Michele.jpg,[],42997,Individual,Italy,ITA,ITA
27914,DERSHWITZ Eli,USA,Sabre,Men,104.000,1995-09-23,Senior,Left,178,17,USA,https://static.fie.org/uploads/33/169415-USA%20Fencing%202024%20Olympic%20Media%20Day%20-%20NYC%20-%20Timacheff%20-%200507.jpg,[],27914,Individual,United States,USA,USA
46789,SHEN Chenpeng,CHINA,Sabre,Men,102.000,2001-10-05,Senior,Right,,18,CHN,https://static.fie.org/uploads/19/95162-.jpg,[],46789,Individual,"China, People's Republic of[4]",CHN,CHN
38602,SARON Mitchell,USA,Sabre,Men,87.000,2000-12-06,Senior,Right,,19,USA,https://static.fie.org/uploads/33/169427-USA%20Fencing%202024%20Olympic%20Media%20Day%20-%20NYC%20-%20Timacheff%20-%200235.jpg,[],38602,Individual,United States,USA,USA
26064,ARFA Fares,CANADA,Sabre,Men,82.250,1994-10-16,Senior,Right,,20,CAN,https://static.fie.org/uploads/31/157066-CANADA_Fares_Arfa_Athlete.jpeg,[],26064,Individual,Canada,CAN,CAN
8860,KOREA,KOREA,Sabre,Men,424.000,,Senior,,,1,KOR,KR,[],8860,Team,"Korea, Republic of (South)[14]",KOR,KOR
6924,USA,USA,Sabre,Men,364.000,,Senior,,,2,USA,US,[],6924,Team,United States,USA,USA
6958,HUNGARY,HUNGARY,Sabre,Men,332.000,,Senior,,,3,HUN,HU,[],6958,Team,Hungary,HUN,HUN
6955,FRANCE,FRANCE,Sabre,Men,248.000,,Senior,,,4,FRA,FR,[],6955,Team,France,FRA,FRA
9593,EGYPT,EGYPT,Sabre,Men,242.000,,Senior,,,5,EGY,EG,[],9593,Team,Egypt,EGY,EGY
6891,IRAN,IRAN,Sabre,Men,230.000,,Senior,,,6,IRI,IR,[],6891,Team,Iran,IRI,IRN
6959,ITALY,ITALY,Sabre,Men,226.000,,Senior,,,7,ITA,IT,[],6959,Team,Italy,ITA,ITA
6878,CANADA,CANADA,Sabre,Men,202.000,,Senior,,,8,CAN,CA,[],6878,Team,Canada,CAN,CAN
6974,ROMANIA,ROMANIA,Sabre,Men,176.000,,Senior,,,9,ROU,RO,[],6974,Team,Romania,ROU,ROU
6957,GERMANY,GERMANY,Sabre,Men,164.000,,Senior,,,10,GER,DE,[],6957,Team,Germany,GER,DEU
6960,JAPAN,JAPAN,Sabre,Men,138.000,,Senior,,,11,JPN,JP,[],6960,Team,Japan,JPN,JPN
6879,CHINA,CHINA,Sabre,Men,119.000,,Senior,,,12,CHN,CN,[],6879,Team,"China, People's Republic of[4]",CHN,CHN
6979,UKRAINE,UKRAINE,Sabre,Men,116.000,,Senior,,,13,UKR,UA,[],6979,Team,Ukraine,UKR,UKR
6956,GEORGIA,GEORGIA,Sabre,Men,115.000,,Senior,,,14,GEO,GE,[],6956,Team,Georgia,GEO,GEO
9454,SPAIN,SPAIN,Sabre,Men,108.000,,Senior,,,15,ESP,ES,[],9454,Team,Spain,ESP,ESP
6923,TÜRKIYE,TÜRKIYE,Sabre,Men,97.000,,Senior,,,16,TUR,TR,[],6923,Team,Turkey,TUR,TUR
6961,KAZAKHSTAN,KAZAKHSTAN,Sabre,Men,88.000,,Senior,,,17,KAZ,KZ,[],6961,Team,Kazakhstan,KAZ,KAZ
6888,"HONG KONG, CHINA","HONG KONG, CHINA",Sabre,Men,86.000,,Senior,,,18,HKG,HK,[],6888,Team,Hong Kong[11],HKG,HKG
6978,TUNISIA,TUNISIA,Sabre,Men,80.000,,Senior,,,19,TUN,TN,[],6978,Team,Tunisia,TUN,TUN
6971,POLAND,POLAND,Sabre,Men,78.000,,Senior,,,20,POL,PL,[],6971,Team,Poland,POL,POL
29003,BALZER Sara,FRANCE,Sabre,Women,236.000,1995-04-03,Senior,Left,,1,FRA,https://static.fie.org/uploads/8/44521-SDS%20BALZER%20Sara%20%282%29.jpg,[],29003,Individual,France,FRA,FRA
30542,APITHY-BRUNET Manon,FRANCE,Sabre,Women,219.000,1996-02-07,Senior,Right,,2,FRA,https://static.fie.org/uploads/9/49090-BRUNET%20Manon.jpg,[],30542,Individual,France,FRA,FRA
13715,KHARLAN Olga,UKRAINE,Sabre,Women,215.000,1990-09-04,Senior,Right,,3,UKR,https://static.fie.org/uploads/7/38802-KHARLAN-OLGA.jpg,[],13715,Individual,Ukraine,UKR,UKR
32026,EMURA Misaki,JAPAN,Sabre,Women,167.000,1998-11-20,Senior,Right,,4,JPN,https://static.fie.org/uploads/31/156630-JPN_EMURA_MISAKI_23.jpg,[],32026,Individual,Japan,JPN,JPN
10145,MARTIN-PORTUGUES Lucia,SPAIN,Sabre,Women,163.000,1990-10-22,Senior,Right,,5,ESP,https://static.fie.org/uploads/31/157195-Captura%20de%20pantalla%202023-06-30%20122408.jpg,[],10145,Individual,Spain,ESP,ESP
32856,GKOUNTOURA Theodora,GREECE,Sabre,Women,133.000,1997-03-14,Senior,Right,,6,GRE,https://static.fie.org/uploads/21/108416-GKOUNTOURA0001.jpg,[],32856,Individual,Greece,GRE,GRC
7739,NAVARRO Araceli,SPAIN,Sabre,Women,118.000,1989-08-09,Senior,Right,165,7,ESP,https://static.fie.org/uploads/2/14427-7739.jpg,[],7739,Individual,Spain,ESP,ESP
43610,JEON Hayoung,KOREA,Sabre,Women,118.000,2001-08-18,Senior,Left,,8,KOR,https://static.fie.org/uploads/17/86065-KOR_Hayoung_JEON_Athlete.jpg,[],43610,Individual,"Korea, Republic of (South)[14]",KOR,KOR
15536,BERDER Cecilia,FRANCE,Sabre,Women,118.000,1989-12-13,Senior,Right,,9,FRA,https://static.fie.org/uploads/9/49084-BERDER%20CECILIA.jpg,[],15536,Individual,France,FRA,FRA
48614,CHOI Sebin,KOREA,Sabre,Women,114.000,2000-08-11,Senior,Left,,10,KOR,https://static.fie.org/uploads/20/100239-.jpg,[],48614,Individual,"Korea, Republic of (South)[14]",KOR,KOR
35774,TARTAKOVSKY Elizabeth,USA,Sabre,Women,113.000,2000-05-21,Senior,Right,,11,USA,https://static.fie.org/uploads/33/169430-USA%20Fencing%202024%20Olympic%20Media%20Day%20-%20NYC%20-%20Timacheff%20-%200262.jpg,[],35774,Individual,United States,USA,USA
18021,GEORGIADOU Despina,GREECE,Sabre,Women,102.000,1991-06-22,Senior,Left,,12,GRE,https://static.fie.org/uploads/19/97186-GEORGIADOU_Despina_Metaxia.png,[],18021,Individual,Greece,GRE,GRC
39147,PUSZTAI Liza,HUNGARY,Sabre,Women,102.000,2001-05-11,Senior,Right,,13,HUN,https://static.fie.org/uploads/21/107497-Liza%20PUSZTAI.jpg,[],39147,Individual,Hungary,HUN,HUN
36394,NOUTCHA Sarah,FRANCE,Sabre,Women,100.000,1999-12-16,Senior,Right,,14,FRA,https://static.fie.org/uploads/18/94513-noutcha.jpg,[],36394,Individual,France,FRA,FRA
37754,ILIEVA Yoana,BULGARIA,Sabre,Women,99.000,2001-06-20,Senior,Left,,15,BUL,https://static.fie.org/uploads/25/129672-141DB4CE6-4B88-4484-8080-966C3A53B0BE.jpeg,[],37754,Individual,Bulgaria,BUL,BGR
45353,ERBIL Nisanur,TÜRKIYE,Sabre,Women,94.000,2003-04-22,Senior,Right,,16,TUR,https://static.fie.org/uploads/25/126946-WhatsApp%20Image%202021-04-17%20at%2016.30.12.jpeg,[],45353,Individual,Turkey,TUR,TUR
27302,YOON Jisu,KOREA,Sabre,Women,93.000,1993-01-24,Senior,Right,,17,KOR,https://static.fie.org/uploads/17/88970-KOR_Athlete_YOON_Jisu.jpg,[],27302,Individual,"Korea, Republic of (South)[14]",KOR,KOR
35361,CHAMBERLAIN Maia,USA,Sabre,Women,85.000,1998-06-05,Senior,Right,,18,USA,https://static.fie.org/uploads/33/169413-USA%20Fencing%202024%20Olympic%20Media%20Day%20-%20NYC%20-%20Timacheff%20-%200355.jpg,[],35361,Individual,United States,USA,USA
42875,SZUCS Luca,HUNGARY,Sabre,Women,84.000,2002-09-20,Senior,Left,,19,HUN,https://static.fie.org/uploads/24/122880-HUN_Luca_Szucs_athlete.jpg,[],42875,Individual,Hungary,HUN,HUN
53445,NAZLYMOV Tatiana,USA,Sabre,Women,80.000,2004-09-02,Senior,Right,,20,USA,https://static.fie.org/uploads/33/169426-USA%20Fencing%202024%20Olympic%20Media%20Day%20-%20NYC%20-%20Timacheff%20-%200197.jpg,[],53445,Individual,United States,USA,USA
6955,FRANCE,FRANCE,Sabre,Women,380.000,,Senior,,,1,FRA,FR,[],6955,Team,France,FRA,FRA
6979,UKRAINE,UKRAINE,Sabre,Women,372.000,,Senior,,,2,UKR,UA,[],6979,Team,Ukraine,UKR,UKR
8860,KOREA,KOREA,Sabre,Women,312.000,,Senior,,,3,KOR,KR,[],8860,Team,"Korea, Republic of (South)[14]",KOR,KOR
6958,HUNGARY,HUNGARY,Sabre,Women,256.000,,Senior,,,4,HUN,HU,[],6958,Team,Hungary,HUN,HUN
6924,USA,USA,Sabre,Women,244.000,,Senior,,,5,USA,US,[],6924,Team,United States,USA,USA
6960,JAPAN,JAPAN,Sabre,Women,233.000,,Senior,,,6,JPN,JP,[],6960,Team,Japan,JPN,JPN
6959,ITALY,ITALY,Sabre,Women,228.000,,Senior,,,7,ITA,IT,[],6959,Team,Italy,ITA,ITA
9454,SPAIN,SPAIN,Sabre,Women,178.000,,Senior,,,8,ESP,ES,[],9454,Team,Spain,ESP,ESP
10990,BULGARIA,BULGARIA,Sabre,Women,165.000,,Senior,,,9,BUL,BG,[],10990,Team,Bulgaria,BUL,BGR
6879,CHINA,CHINA,Sabre,Women,148.000,,Senior,,,10,CHN,CN,[],6879,Team,"China, People's Republic of[4]",CHN,CHN
6971,POLAND,POLAND,Sabre,Women,124.000,,Senior,,,11,POL,PL,[],6971,Team,Poland,POL,POL
6875,AZERBAIJAN,AZERBAIJAN,Sabre,Women,122.000,,Senior,,,12,AZE,AZ,[],6875,Team,Azerbaijan,AZE,AZE
6957,GERMANY,GERMANY,Sabre,Women,116.000,,Senior,,,13,GER,DE,[],6957,Team,Germany,GER,DEU
6946,ALGERIA,ALGERIA,Sabre,Women,116.000,,Senior,,,14,ALG,DZ,[],6946,Team,Algeria,ALG,DZA
6888,"HONG KONG, CHINA","HONG KONG, CHINA",Sabre,Women,101.000,,Senior,,,15,HKG,HK,[],6888,Team,Hong Kong[11],HKG,HKG
6961,KAZAKHSTAN,KAZAKHSTAN,Sabre,Women,95.000,,Senior,,,16,KAZ,KZ,[],6961,Team,Kazakhstan,KAZ,KAZ
6886,GREAT BRITAIN,GREAT BRITAIN,Sabre,Women,75.000,,Senior,,,17,GBR,GB,[],6886,Team,United Kingdom[21],GBR,GBR
6938,MEXICO,MEXICO,Sabre,Women,72.000,,Senior,,,18,MEX,MX,[],6938,Team,Mexico,MEX,MEX
9593,EGYPT,EGYPT,Sabre,Women,64.000,,Senior,,,19,EGY,EG,[],9593,Team,Egypt,EGY,EGY
6887,GREECE,GREECE,Sabre,Women,63.000,,Senior,,,20,GRE,GR,[],6887,Team,Greece,GRE,GRC
53774,COVALIU Vlad,ROMANIA,Sabre,Men,158.000,2005-09-30,Junior,Right,,1,ROU,https://static.fie.org/uploads/26/130609-Covaliu%20poza.jpg,[],53774,Individual,Romania,ROU,ROU
54269,MORRILL William,USA,Sabre,Men,130.000,2006-08-24,Junior,Right,,2,USA,https://static.fie.org/uploads/26/132497-Morrill%2C%20WIlliam.jpg,[],54269,Individual,United States,USA,USA
46074,MADRIGAL Santiago,SPAIN,Sabre,Men,126.000,2004-02-06,Junior,Right,,3,ESP,https://static.fie.org/uploads/18/93672-MADRIGAL%2C%20SANTIAGO.jpg,[],46074,Individual,Spain,ESP,ESP
49938,NITU Radu,ROMANIA,Sabre,Men,124.000,2004-11-13,Junior,Right,,4,ROU,https://static.fie.org/uploads/20/103702-NITU_Radu_fencer_ROU.jpg,[],49938,Individual,Romania,ROU,ROU
53571,JI Cody Walter,USA,Sabre,Men,117.000,2006-08-21,Junior,Right,,5,USA,https://static.fie.org/uploads/25/129855-Ji%2C%20Cody.jpg,[],53571,Individual,United States,USA,USA
52865,HESHAM Ahmed,EGYPT,Sabre,Men,115.000,2006-09-03,Junior,Right,,6,EGY,https://static.fie.org/uploads/32/163930-Ahmed%20hesham%20elsedawy%20photo.jpg,[],52865,Individual,Egypt,EGY,EGY
53806,CANTINI Edoardo,ITALY,Sabre,Men,110.000,2004-02-25,Junior,Right,,7,ITA,https://static.fie.org/uploads/26/130674-CANTINI%20Edoardo.jpg,[],53806,Individual,Italy,ITA,ITA
52210,GARRIGUE Remi,FRANCE,Sabre,Men,107.000,2004-09-03,Junior,Right,,8,FRA,https://static.fie.org/uploads/24/122532-FRA_GARRIGUE_R%C3%A9mi_Athl%C3%A8te%20SHC.jpg,[],52210,Individual,France,FRA,FRA
54031,KODIROV Zuhriddin,UZBEKISTAN,Sabre,Men,96.000,2006-06-22,Junior,Right,,9,UZB,https://static.fie.org/uploads/26/131358-Kodi.jpg,[],54031,Individual,Uzbekistan,UZB,UZB
55225,LUKASHENKO Darii,UKRAINE,Sabre,Men,94.000,2005-11-29,Junior,Right,,10,UKR,https://static.fie.org/uploads/27/136886-LUKASHENKO_darii_UKR_athlete.jpg,[],55225,Individual,Ukraine,UKR,UKR
61196,GRAUDYN Pavel,_AIN,Sabre,Men,87.000,2006-11-19,Junior,Right,,11,_AIN,https://static.fie.org/uploads/32/162070-%D0%B3%D1%80%D0%B0%D1%83%D0%B4%D1%8B%D0%BD%D1%8C.jpeg,[],61196,Individual,,,
51862,TOTH Bertalan,HUNGARY,Sabre,Men,82.000,2004-10-30,Junior,Right,,12,HUN,https://static.fie.org/uploads/24/120308-T%C3%B3th%20Bertalan.jpeg,[],51862,Individual,Hungary,HUN,HUN
54039,ABDAZOV Islambek,UZBEKISTAN,Sabre,Men,74.000,2005-08-01,Junior,Right,,13,UZB,https://static.fie.org/uploads/26/131438-Abdazov.jpg,[],54039,Individual,Uzbekistan,UZB,UZB
49402,NOFAL Zeyad,EGYPT,Sabre,Men,68.000,2004-10-26,Junior,Right,,14,EGY,https://static.fie.org/uploads/20/102598-ziad%20nofal%20photo.jpg,[],49402,Individual,Egypt,EGY,EGY
61551,CHOI Silas,USA,Sabre,Men,65.000,2007-03-14,Junior,Right,,15,USA,https://static.fie.org/uploads/32/163947-2YTJ3ZZX-100012.jpeg,[],61551,Individual,United States,USA,USA
61873,PARK In,KOREA,Sabre,Men,65.000,2004-01-13,Junior,Right,,16,KOR,https://static.fie.org/uploads/33/165285-%EB%B0%95%EC%9D%B8%20%EC%82%AC%EC%A7%84.jpg,[],61873,Individual,"Korea, Republic of (South)[14]",KOR,KOR
52732,DAULETNAZAROV Azizbek,UZBEKISTAN,Sabre,Men,64.500,2004-08-22,Junior,Right,,17,UZB,https://static.fie.org/uploads/25/125418-D.jpg,[],52732,Individual,Uzbekistan,UZB,UZB
61275,KIM Shaun,USA,Sabre,Men,60.000,2007-07-25,Junior,Right,,18,USA,https://static.fie.org/uploads/32/162315-Kim%2C%20Shaun.jpeg,[],61275,Individual,United States,USA,USA
52739,AYMURATOV Musa,UZBEKISTAN,Sabre,Men,59.000,2005-03-17,Junior,Right,,19,UZB,https://static.fie.org/uploads/30/151685-0B966D0F-80E6-4925-8B5E-6449C8925ACF.jpeg,[],52739,Individual,Uzbekistan,UZB,UZB
54201,BIRO Huba,HUNGARY,Sabre,Men,58.000,2005-03-17,Junior,Right,,20,HUN,https://static.fie.org/uploads/26/132168-B%C3%ADr%C3%B3%20Huba.jpeg,[],54201,Individual,Hungary,HUN,HUN
6924,USA,USA,Sabre,Men,398.000,,Junior,,,1,USA,US,[],6924,Team,United States,USA,USA
6974,ROMANIA,ROMANIA,Sabre,Men,388.000,,Junior,,,2,ROU,RO,[],6974,Team,Romania,ROU,ROU
6925,UZBEKISTAN,UZBEKISTAN,Sabre,Men,340.000,,Junior,,,3,UZB,UZ,[],6925,Team,Uzbekistan,UZB,UZB
6959,ITALY,ITALY,Sabre,Men,304.000,,Junior,,,4,ITA,IT,[],6959,Team,Italy,ITA,ITA
6955,FRANCE,FRANCE,Sabre,Men,286.000,,Junior,,,5,FRA,FR,[],6955,Team,France,FRA,FRA
9593,EGYPT,EGYPT,Sabre,Men,270.000,,Junior,,,6,EGY,EG,[],9593,Team,Egypt,EGY,EGY
9454,SPAIN,SPAIN,Sabre,Men,254.000,,Junior,,,7,ESP,ES,[],9454,Team,Spain,ESP,ESP
6923,TÜRKIYE,TÜRKIYE,Sabre,Men,248.000,,Junior,,,8,TUR,TR,[],6923,Team,Turkey,TUR,TUR
6958,HUNGARY,HUNGARY,Sabre,Men,224.000,,Junior,,,9,HUN,HU,[],6958,Team,Hungary,HUN,HUN
6957,GERMANY,GERMANY,Sabre,Men,204.000,,Junior,,,10,GER,DE,[],6957,Team,Germany,GER,DEU
6979,UKRAINE,UKRAINE,Sabre,Men,175.000,,Junior,,,11,UKR,UA,[],6979,Team,Ukraine,UKR,UKR
6879,CHINA,CHINA,Sabre,Men,153.000,,Junior,,,12,CHN,CN,[],6879,Team,"China, People's Republic of[4]",CHN,CHN
6886,GREAT BRITAIN,GREAT BRITAIN,Sabre,Men,146.000,,Junior,,,13,GBR,GB,[],6886,Team,United Kingdom[21],GBR,GBR
6951,BRAZIL,BRAZIL,Sabre,Men,140.000,,Junior,,,14,BRA,BR,[],6951,Team,Brazil,BRA,BRA
10990,BULGARIA,BULGARIA,Sabre,Men,135.000,,Junior,,,15,BUL,BG,[],10990,Team,Bulgaria,BUL,BGR
6961,KAZAKHSTAN,KAZAKHSTAN,Sabre,Men,126.000,,Junior,,,16,KAZ,KZ,[],6961,Team,Kazakhstan,KAZ,KAZ
6888,"HONG KONG, CHINA","HONG KONG, CHINA",Sabre,Men,124.000,,Junior,,,17,HKG,HK,[],6888,Team,Hong Kong[11],HKG,HKG
6971,POLAND,POLAND,Sabre,Men,121.000,,Junior,,,18,POL,PL,[],6971,Team,Poland,POL,POL
8860,KOREA,KOREA,Sabre,Men,119.000,,Junior,,,19,KOR,KR,[],8860,Team,"Korea, Republic of (South)[14]",KOR,KOR
6878,CANADA,CANADA,Sabre,Men,114.000,,Junior,,,20,CAN,CA,[],6878,Team,Canada,CAN,CAN
51248,HERRERA LARA Luisa Fernanda,UZBEKISTAN,Sabre,Women,160.000,2006-02-27,Junior,Right,,1,UZB,https://static.fie.org/uploads/33/168729-425d74ba-10c6-44d6-bb86-d621c065f097.jpeg,[],51248,Individual,Uzbekistan,UZB,UZB
51704,SPIESZ Anna,HUNGARY,Sabre,Women,152.000,2005-07-30,Junior,Right,,2,HUN,https://static.fie.org/uploads/29/149367-30072005000.png,[],51704,Individual,Hungary,HUN,HUN
52157,TORI Toscane,FRANCE,Sabre,Women,140.000,2004-03-03,Junior,Left,,3,FRA,https://static.fie.org/uploads/24/122470-FRA_TORI_Toscane_Athl%C3%A8te%20SDC.jpg,[],52157,Individual,France,FRA,FRA
51518,PERDIBAEVA Gulistan,UZBEKISTAN,Sabre,Women,117.000,2005-02-18,Junior,Right,,4,UZB,https://static.fie.org/uploads/32/161375-gul.jpg,[],51518,Individual,Uzbekistan,UZB,UZB
51855,VASILEVA Veronika,AUSTRALIA,Sabre,Women,116.000,2005-05-22,Junior,Left,,5,AUS,https://static.fie.org/uploads/24/120024-AUS_Athlete_VASILEVA_Veronika.jpg,[],51855,Individual,Australia,AUS,AUS
61092,MIKHAILOVA Aleksandra,_AIN,Sabre,Women,112.000,2006-06-12,Junior,Right,,6,_AIN,https://static.fie.org/uploads/32/161670-6029F081-F446-486E-8415-89F8178BFA83.jpeg,[],61092,Individual,,,
61424,PAN Qimiao,CHINA,Sabre,Women,107.000,2009-06-09,Junior,Right,,7,CHN,https://static.fie.org/uploads/32/163388-PAN%20QIMIAO.jpg,[],61424,Individual,"China, People's Republic of[4]",CHN,CHN
51655,HERBON Felice,GERMANY,Sabre,Women,96.000,2004-10-26,Junior,Right,,8,GER,https://static.fie.org/uploads/31/157714-F.Herbon.jpg,[],51655,Individual,Germany,GER,DEU
53792,SPICA Manuela,ITALY,Sabre,Women,95.000,2004-07-19,Junior,Left,,9,ITA,https://static.fie.org/uploads/34/170070-Spica%20Manuela.jpg,[],53792,Individual,Italy,ITA,ITA
52593,KUVAEVA Alexandra,GEORGIA,Sabre,Women,93.000,2007-08-11,Junior,Left,170,10,GEO,https://static.fie.org/uploads/31/158826-IMG_8840.jpg,[],52593,Individual,Georgia,GEO,GEO
51492,SHOKIROVA Samira,UZBEKISTAN,Sabre,Women,93.000,2005-08-08,Junior,Right,,11,UZB,https://static.fie.org/uploads/32/161794-IMG_2817.jpeg,[],51492,Individual,Uzbekistan,UZB,UZB
51443,MANGA Alejandra,FRANCE,Sabre,Women,86.000,2005-08-01,Junior,Left,,12,FRA,https://static.fie.org/uploads/23/117780-MANGA_Alejandra.jpg,[],51443,Individual,France,FRA,FRA
52022,VIALE Mariella,ITALY,Sabre,Women,82.000,2005-04-02,Junior,Right,,13,ITA,https://static.fie.org/uploads/34/170075-Viale%20Mariella.jpg,[],52022,Individual,Italy,ITA,ITA
48279,NEIKOVA Emma,BULGARIA,Sabre,Women,68.000,2005-06-11,Junior,Right,,14,BUL,https://static.fie.org/uploads/24/121443-emma_neikova.jpg,[],48279,Individual,Bulgaria,BUL,BGR
58644,WEI Jiayi,CHINA,Sabre,Women,66.500,2004-02-07,Junior,Right,,15,CHN,https://static.fie.org/uploads/30/150996-%E5%A5%B3%E4%BD%A9%20%E9%AD%8F%E5%98%89%E6%80%A1%20%E5%8F%B3%E6%89%8B.jpg,[],58644,Individual,"China, People's Republic of[4]",CHN,CHN
57232,HWANG Gabriela Maria Lin,PUERTO RICO,Sabre,Women,65.000,2007-07-14,Junior,Right,,16,PUR,https://static.fie.org/uploads/28/144393-Hwang_Gabriela_Maria_Lin_PUR.jpg,[],57232,Individual,Puerto Rico,PUR,PRI
51795,KOVACS Zsanett,HUNGARY,Sabre,Women,64.000,2005-08-17,Junior,Right,,17,HUN,https://static.fie.org/uploads/23/119844-Kov%C3%A1cs%20Zsanett.jpg,[],51795,Individual,Hungary,HUN,HUN
48852,LENKIEWICZ Zuzanna,POLAND,Sabre,Women,62.500,2004-08-22,Junior,Right,,18,POL,https://static.fie.org/uploads/33/166582-zl.jpg,[],48852,Individual,Poland,POL,POL
55132,ZOU Yelin,AUSTRALIA,Sabre,Women,61.000,2007-11-26,Junior,Right,,19,AUS,https://static.fie.org/uploads/27/136729-Yelin%20Zou.jpg,[],55132,Individual,Australia,AUS,AUS
54151,ENGELMAN-SANZ Madeline,USA,Sabre,Women,60.000,2006-01-15,Junior,Right,,20,USA,https://static.fie.org/uploads/26/132009-2BDF7F8E-C4FE-4016-99DD-0BD771E334CF.jpeg,[],54151,Individual,United States,USA,USA
6925,UZBEKISTAN,UZBEKISTAN,Sabre,Women,392.000,,Junior,,,1,UZB,UZ,[],6925,Team,Uzbekistan,UZB,UZB
6955,FRANCE,FRANCE,Sabre,Women,372.000,,Junior,,,2,FRA,FR,[],6955,Team,France,FRA,FRA
6958,HUNGARY,HUNGARY,Sabre,Women,348.000,,Junior,,,3,HUN,HU,[],6958,Team,Hungary,HUN,HUN
6959,ITALY,ITALY,Sabre,Women,336.000,,Junior,,,4,ITA,IT,[],6959,Team,Italy,ITA,ITA
6924,USA,USA,Sabre,Women,234.000,,Junior,,,5,USA,US,[],6924,Team,United States,USA,USA
6971,POLAND,POLAND,Sabre,Women,230.000,,Junior,,,6,POL,PL,[],6971,Team,Poland,POL,POL
6961,KAZAKHSTAN,KAZAKHSTAN,Sabre,Women,215.000,,Junior,,,7,KAZ,KZ,[],6961,Team,Kazakhstan,KAZ,KAZ
6888,"HONG KONG, CHINA","HONG KONG, CHINA",Sabre,Women,205.000,,Junior,,,8,HKG,HK,[],6888,Team,Hong Kong[11],HKG,HKG
10990,BULGARIA,BULGARIA,Sabre,Women,203.000,,Junior,,,9,BUL,BG,[],10990,Team,Bulgaria,BUL,BGR
6974,ROMANIA,ROMANIA,Sabre,Women,182.000,,Junior,,,10,ROU,RO,[],6974,Team,Romania,ROU,ROU
6886,GREAT BRITAIN,GREAT BRITAIN,Sabre,Women,170.000,,Junior,,,11,GBR,GB,[],6886,Team,United Kingdom[21],GBR,GBR
6957,GERMANY,GERMANY,Sabre,Women,163.000,,Junior,,,12,GER,DE,[],6957,Team,Germany,GER,DEU
6923,TÜRKIYE,TÜRKIYE,Sabre,Women,149.000,,Junior,,,13,TUR,TR,[],6923,Team,Turkey,TUR,TUR
6956,GEORGIA,GEORGIA,Sabre,Women,148.000,,Junior,,,14,GEO,GE,[],6956,Team,Georgia,GEO,GEO
6979,UKRAINE,UKRAINE,Sabre,Women,126.000,,Junior,,,15,UKR,UA,[],6979,Team,Ukraine,UKR,UKR
6879,CHINA,CHINA,Sabre,Women,124.000,,Junior,,,16,CHN,CN,[],6879,Team,"China, People's Republic of[4]",CHN,CHN
8860,KOREA,KOREA,Sabre,Women,118.000,,Junior,,,17,KOR,KR,[],8860,Team,"Korea, Republic of (South)[14]",KOR,KOR
6878,CANADA,CANADA,Sabre,Women,111.000,,Junior,,,18,CAN,CA,[],6878,Team,Canada,CAN,CAN
6900,SAUDI ARABIA,SAUDI ARABIA,Sabre,Women,111.000,,Junior,,,19,KSA,SA,[],6900,Team,Saudi Arabia,KSA,SAU
9593,EGYPT,EGYPT,Sabre,Women,108.000,,Junior,,,20,EGY,EG,[],9593,Team,Egypt,EGY,EGY
